taxon,min_yr,max_yr,subfamily,tribe,genus,Amber Locale,Reference
Archimyrmex_piatnitzkyi,41.3,47.8,Myrmeciinae,,Archimyrmex,Argentine,"G. M. Dlussky and K. S. Perfilieva. 2003. Paleogene ants of the genus Archimyrmex Cockerell, 1923 (Hymenoptera, Formicidae, Myrmeciinae). Paleontological Journal 37:39-47"
Camponotus_ullrichi,5.333,7.246,Formicinae,Camponotini,Camponotus,Austria,"F. Bachmayer. 1960. Insektenreste aus den Congerienschichten (Pannon) von Brunn-Vösendorf (sül. von Wien) Niederösterreich. Sitzungsberichte der Österreichische Akademie der Wissenschaften, Mathematisch-Naturwissenschaftliche Klasse 169:11-16"
Baikuris_mandibularis,93.5,105.3,,,Baikuris,Baikua-Neru,G. M. Dlussky. 1987. New Formicoidea (Hymenoptera) of the Upper Cretaceous. Paleontological Journal 21(1):146-150
Baikuris_maximus,99.6,105.3,,,Baikuris,Baikua-Neru,G. M. Dlussky. 1987. New Formicoidea (Hymenoptera) of the Upper Cretaceous. Paleontological Journal 21(1):146-150
Baikuris_mirabilis,93.5,105.3,,,Baikuris,Baikua-Neru,G. M. Dlussky. 1987. New Formicoidea (Hymenoptera) of the Upper Cretaceous. Paleontological Journal 21(1):146-150
Formica_flori,33.9,38,Formicinae,Formicini,Formica,Baltic,"Baroni Urbani, C.; Graeser, S. 1987. REM-Analysen an einer pyritisierten Ameise aus Baltischem Bernstein. Stuttg. Beitr. Naturkd. Ser. B (Geol. Paläontol.) 133: 1-16"
Prionomyrmex_janzeni,33.9,38,Myrmeciinae,Prionomyrmecini,Prionomyrmex,Baltic,"C. Baroni Urbani. 2000. Rediscovery of the Baltic amber ant genus Prionomyrmex (Hymenoptera, Formicidae) and its taxonomic consequences. Eclogae Geologicae Helvetiae 93:471-480"
Pheidole_rasnitsyni,0,0.0117,Myrmicinae,Attini,Pheidole,Baltic,"D. A. Dubovikoff. 2011. The first record of the genus Pheidole Westwood, 1839 (Hymenoptera: Formicidae) from the Baltic amber. Russian Entomological Journal 20:255-257"
Formica_phaethusa,33.9,38,Formicinae,Formicini,Formica,Baltic,"Dlussky, G. M. 1967b. Ants of the genus Formica from the Baltic amber. Paleontol. Zh. 1967(2 2: 80-89 (page 80, see also)"
Yantaromyrmex_geinitzi,33.9,38,Dolichoderinae,,Yantaromyrmex,Baltic,"Dlussky, G.M. & Dubovikoff, D.A. 2013. Yantaromyrmex gen. n. – a new ant genus (Hymenoptera Formicidae) from Late Eocene ambers of Europe. Caucasian Entomological Bulletin 9, 305-314."
Yantaromyrmex_mayrianum,33.9,38,Dolichoderinae,,Yantaromyrmex,Baltic,"Dlussky, G.M. & Dubovikoff, D.A. 2013. Yantaromyrmex gen. n. – a new ant genus (Hymenoptera Formicidae) from Late Eocene ambers of Europe. Caucasian Entomological Bulletin 9, 305-314."
Carebara_antiqua,2.588,3.6,Myrmicinae,Crematogastrini,Carebara,Baltic,"Emery, C. 1891b. Le formiche dell'ambra Siciliana nel Museo Mineralogico dell'Università di Bologna. Mem. R. Accad. Sci. Ist. Bologna (5)1:141-165 (page 577, Combination in Aeromyrma)"
Gesomyrmex_hoernesi,33.9,38,Formicinae,Gesomyrmecini,Gesomyrmex,Baltic,"Mayr, G. 1868c. Die Ameisen des baltischen Bernsteins. Beitr. Naturkd. Preuss. 1: 1-102"
Myrmica_eocenica,33.9,38,Myrmicinae,Myrmicini,Myrmica,Baltic,"Perkovsky, E.E. 2016. Tropical and Holoarctic ants in late Eocene ambers. Vestnik zoologii, 50(2): 111–122 (DOI 10.1515/vzoo-2016-0014)."
Myrmica_paradoxa,33.9,38,Myrmicinae,Myrmicini,Myrmica,Baltic,"Perkovsky, E.E. 2016. Tropical and Holoarctic ants in late Eocene ambers. Vestnik zoologii, 50(2): 111–122 (DOI 10.1515/vzoo-2016-0014)."
Tetramorium_paraarmatum,33.9,38,Myrmicinae,Crematogastrini,Tetramorium,Baltic,"Radchenko, A. G. & Dlussky, G. M. 2015. First record of fossil species of the genus Tetramorium (Hymenoptera, Formicidae). Vestnik Zoologii 49(4):311-316. PDF"
Liometopum_bogdassarovi,33.9,38,Dolichoderinae,,Liometopum,Belarus,"Heterick, B.E. & Shattuck, S.O. 2011. Revision of the ant genus Iridomyrmex (Hymenoptera: Formicidae). Zootaxa 2845: 1–174."
Agastomyrma_laticeps,33.9,38,Myrmicinae,,Agastomyrma,Bolshaya Svetlovodnaya,"G. M. Dlussky, A. P. Rasnitsyn, and K. S. Perfilieva. 2015. The ants (Hymenoptera: Formicidae) of Bol'shaya Svetlovodnaya (late Eocene of Sikhote-Alin, Russian far east). Caucasian Entomological Bulletin 11:131-152"
Biamomyrma_lata,33.9,38,Myrmicinae,,Biamomyrma,Bolshaya Svetlovodnaya,"G. M. Dlussky, A. P. Rasnitsyn, and K. S. Perfilieva. 2015. The ants (Hymenoptera: Formicidae) of Bol'shaya Svetlovodnaya (late Eocene of Sikhote-Alin, Russian far east). Caucasian Entomological Bulletin 11:131-152"
Biamomyrma_rugosa,33.9,38,Myrmicinae,,Biamomyrma,Bolshaya Svetlovodnaya,"G. M. Dlussky, A. P. Rasnitsyn, and K. S. Perfilieva. 2015. The ants (Hymenoptera: Formicidae) of Bol'shaya Svetlovodnaya (late Eocene of Sikhote-Alin, Russian far east). Caucasian Entomological Bulletin 11:131-152"
Biamomyrma_zherikhini,33.9,38,Myrmicinae,,Biamomyrma,Bolshaya Svetlovodnaya,"G. M. Dlussky, A. P. Rasnitsyn, and K. S. Perfilieva. 2015. The ants (Hymenoptera: Formicidae) of Bol'shaya Svetlovodnaya (late Eocene of Sikhote-Alin, Russian far east). Caucasian Entomological Bulletin 11:131-152"
Casaleia_orientalis,33.9,38,Amblyoponinae,,Casaleia,Bolshaya Svetlovodnaya,"G. M. Dlussky, A. P. Rasnitsyn, and K. S. Perfilieva. 2015. The ants (Hymenoptera: Formicidae) of Bol'shaya Svetlovodnaya (late Eocene of Sikhote-Alin, Russian far east). Caucasian Entomological Bulletin 11:131-152"
Dolichoderus_pinguis,33.9,38,Dolichoderinae,,Dolichoderus,Bolshaya Svetlovodnaya,"G. M. Dlussky, A. P. Rasnitsyn, and K. S. Perfilieva. 2015. The ants (Hymenoptera: Formicidae) of Bol'shaya Svetlovodnaya (late Eocene of Sikhote-Alin, Russian far east). Caucasian Entomological Bulletin 11:131-152"
Emplastus_biamoensis,33.9,38,Dolichoderinae,,Emplastus,Bolshaya Svetlovodnaya,"G. M. Dlussky, A. P. Rasnitsyn, and K. S. Perfilieva. 2015. The ants (Hymenoptera: Formicidae) of Bol'shaya Svetlovodnaya (late Eocene of Sikhote-Alin, Russian far east). Caucasian Entomological Bulletin 11:131-152"
Emplastus_elongatus,33.9,38,Dolichoderinae,,Emplastus,Bolshaya Svetlovodnaya,"G. M. Dlussky, A. P. Rasnitsyn, and K. S. Perfilieva. 2015. The ants (Hymenoptera: Formicidae) of Bol'shaya Svetlovodnaya (late Eocene of Sikhote-Alin, Russian far east). Caucasian Entomological Bulletin 11:131-152"
Emplastus_macrops,33.9,38,Dolichoderinae,,Emplastus,Bolshaya Svetlovodnaya,"G. M. Dlussky, A. P. Rasnitsyn, and K. S. Perfilieva. 2015. The ants (Hymenoptera: Formicidae) of Bol'shaya Svetlovodnaya (late Eocene of Sikhote-Alin, Russian far east). Caucasian Entomological Bulletin 11:131-152"
Formica_biamoensis,33.9,38,Formicinae,Formicini,Formica,Bolshaya Svetlovodnaya,"G. M. Dlussky, A. P. Rasnitsyn, and K. S. Perfilieva. 2015. The ants (Hymenoptera: Formicidae) of Bol'shaya Svetlovodnaya (late Eocene of Sikhote-Alin, Russian far east). Caucasian Entomological Bulletin 11:131-152"
Formica_paleosibirica,33.9,38,Formicinae,Formicini,Formica,Bolshaya Svetlovodnaya,"G. M. Dlussky, A. P. Rasnitsyn, and K. S. Perfilieva. 2015. The ants (Hymenoptera: Formicidae) of Bol'shaya Svetlovodnaya (late Eocene of Sikhote-Alin, Russian far east). Caucasian Entomological Bulletin 11:131-152"
Gesomyrmex_macrops,33.9,38,Formicinae,Gesomyrmecini,Gesomyrmex,Bolshaya Svetlovodnaya,"G. M. Dlussky, A. P. Rasnitsyn, and K. S. Perfilieva. 2015. The ants (Hymenoptera: Formicidae) of Bol'shaya Svetlovodnaya (late Eocene of Sikhote-Alin, Russian far east). Caucasian Entomological Bulletin 11:131-152"
Gesomyrmex_magnus,33.9,38,Formicinae,Gesomyrmecini,Gesomyrmex,Bolshaya Svetlovodnaya,"G. M. Dlussky, A. P. Rasnitsyn, and K. S. Perfilieva. 2015. The ants (Hymenoptera: Formicidae) of Bol'shaya Svetlovodnaya (late Eocene of Sikhote-Alin, Russian far east). Caucasian Entomological Bulletin 11:131-152"
Liometopum_incognitum,33.9,38,Dolichoderinae,Tapinomini,Liometopum,Bolshaya Svetlovodnaya,"G. M. Dlussky, A. P. Rasnitsyn, and K. S. Perfilieva. 2015. The ants (Hymenoptera: Formicidae) of Bol'shaya Svetlovodnaya (late Eocene of Sikhote-Alin, Russian far east). Caucasian Entomological Bulletin 11:131-152"
Myrmecites_dubius,33.9,38,Myrmicinae,,Myrmecites,Bolshaya Svetlovodnaya,"G. M. Dlussky, A. P. Rasnitsyn, and K. S. Perfilieva. 2015. The ants (Hymenoptera: Formicidae) of Bol'shaya Svetlovodnaya (late Eocene of Sikhote-Alin, Russian far east). Caucasian Entomological Bulletin 11:131-152"
Myrmecites_sibiricus,33.9,38,Myrmicinae,,Myrmecites,Bolshaya Svetlovodnaya,"G. M. Dlussky, A. P. Rasnitsyn, and K. S. Perfilieva. 2015. The ants (Hymenoptera: Formicidae) of Bol'shaya Svetlovodnaya (late Eocene of Sikhote-Alin, Russian far east). Caucasian Entomological Bulletin 11:131-152"
Pachycondyla_aberrans,33.9,38,Ponerinae,,Pachycondyla,Bolshaya Svetlovodnaya,"G. M. Dlussky, A. P. Rasnitsyn, and K. S. Perfilieva. 2015. The ants (Hymenoptera: Formicidae) of Bol'shaya Svetlovodnaya (late Eocene of Sikhote-Alin, Russian far east). Caucasian Entomological Bulletin 11:131-152"
Pachycondyla_oligocenica,33.9,38,Ponerinae,,Pachycondyla,Bolshaya Svetlovodnaya,"G. M. Dlussky, A. P. Rasnitsyn, and K. S. Perfilieva. 2015. The ants (Hymenoptera: Formicidae) of Bol'shaya Svetlovodnaya (late Eocene of Sikhote-Alin, Russian far east). Caucasian Entomological Bulletin 11:131-152"
Pachycondyla_parvula,40.4,48.6,Ponerinae,,Pachycondyla,Bolshaya Svetlovodnaya,"G. M. Dlussky, A. P. Rasnitsyn, and K. S. Perfilieva. 2015. The ants (Hymenoptera: Formicidae) of Bol'shaya Svetlovodnaya (late Eocene of Sikhote-Alin, Russian far east). Caucasian Entomological Bulletin 11:131-152"
Paraneuretus_dubovikoffi,33.9,38,Aneuretinae,,Paraneuretus,Bolshaya Svetlovodnaya,"G. M. Dlussky, A. P. Rasnitsyn, and K. S. Perfilieva. 2015. The ants (Hymenoptera: Formicidae) of Bol'shaya Svetlovodnaya (late Eocene of Sikhote-Alin, Russian far east). Caucasian Entomological Bulletin 11:131-152"
Proceratium_petrosum,33.9,38,Proceratiinae,Proceratiini,Proceratium,Bolshaya Svetlovodnaya,"G. M. Dlussky, A. P. Rasnitsyn, and K. S. Perfilieva. 2015. The ants (Hymenoptera: Formicidae) of Bol'shaya Svetlovodnaya (late Eocene of Sikhote-Alin, Russian far east). Caucasian Entomological Bulletin 11:131-152"
Ypresiomyrma_orientalis,33.9,38,Myrmeciinae,,Ypresiomyrma,Bolshaya Svetlovodnaya,"G. M. Dlussky, A. P. Rasnitsyn, and K. S. Perfilieva. 2015. The ants (Hymenoptera: Formicidae) of Bol'shaya Svetlovodnaya (late Eocene of Sikhote-Alin, Russian far east). Caucasian Entomological Bulletin 11:131-152"
Cataulacus_plebeius,15.97,20.44,Myrmicinae,Crematogastrini,Cataulacus,Borneo,"M. L. de Andrade and C. Baroni Urbani. 2004. First record of ants from Borneo amber (Hymenoptera, Formicidae). Mitteilungen der Schweizerischen Entomologischen Gesselschaft 77:247-250"
Afromyrma_petrosa,89.8,93.9,Myrmicinae,,Afromyrma,Botswanna,"G. M. Dlussky, D. J. Brothers, and A. P. Rasnitsyn. 2004. The first Late Cretaceous ants (Hymenoptera: Formicidae) from southern Africa, with comments on the origin of the Myrmicinae. Insect Systematics & Evolution 35:1-13"
Afropone_oculata,89.8,93.9,Ponerinae,,Afropone,Botswanna,"G. M. Dlussky, D. J. Brothers, and A. P. Rasnitsyn. 2004. The first Late Cretaceous ants (Hymenoptera: Formicidae) from southern Africa, with comments on the origin of the Myrmicinae. Insect Systematics & Evolution 35:1-13"
Afropone_orapa,89.8,93.9,Ponerinae,,Afropone,Botswanna,"G. M. Dlussky, D. J. Brothers, and A. P. Rasnitsyn. 2004. The first Late Cretaceous ants (Hymenoptera: Formicidae) from southern Africa, with comments on the origin of the Myrmicinae. Insect Systematics & Evolution 35:1-13"
Fonsecahymen_stigmata,33.9,38,,,Fonsecahymen,Brazil,"R. G. Martins-Neto and M. Mendes. 2002. The Fonseca Formation paleoentomofauna (Fonseca Basin, Oligocene of Minas Gerais state, Brazil) with description of new taxa. Acta Geologica Leopoldensia 25(55):27-33"
Haidomyrmex_cerberus,93.5,99.6,Sphecomyrminae,Haidomyrmecini,Haidomyrmex,Burma,"Barden, P.; Grimaldi, D. 2012. Rediscovery of the bizarre Cretaceous ant Haidomyrmex Dlussky (Hymenoptera: Formicidae), with two new species. American Museum Novitates 3755:1-16. PDF"
Haidomyrmex_scimitarus,93.5,99.6,Sphecomyrminae,Haidomyrmecini,Haidomyrmex,Burma,"Barden, P.; Grimaldi, D. 2012. Rediscovery of the bizarre Cretaceous ant Haidomyrmex Dlussky (Hymenoptera: Formicidae), with two new species. American Museum Novitates 3755:1-16. PDF"
Haidomyrmex_zigrasi,93.5,99.6,Sphecomyrminae,Haidomyrmecini,Haidomyrmex,Burma,"Barden, P.; Grimaldi, D. 2012. Rediscovery of the bizarre Cretaceous ant Haidomyrmex Dlussky (Hymenoptera: Formicidae), with two new species. American Museum Novitates 3755:1-16. PDF"
Zigrasimecia_tonsora,93.5,99.6,Sphecomyrminae,Zigrasimeciini,Zigrasimecia,Burma,P. Barden and D. Grimaldi. 2013. A new genus of highly specialized ants in Cretaceous Burmese amber (Hymenoptera: Formicidae). Zootaxa 3681:405-412
Dolichoderus_obliteratus,23.03,33.9,Dolichoderinae,,Dolichoderus,Canada,S. H. Scudder. 1877. The insects of the Tertiary beds at Quesnel (British Colombia). Report of Progress of the Geological Survey of Canada 1875-1876 266-280
Formica_arcana,23.03,33.9,Formicinae,Formicini,Formica,Canada,"Carpenter, F. M. 1930. The fossil ants of North America. Bull. Mus. Comp. Zool. 70: 1-66"
Canapone_dentata,70.6,83.5,Ectatomminae,,Canapone,Canada,"G. M. Dlussky. 1999. New ants (Hymenoptera, Formicidae) from Canadian amber. Paleontological Journal 33(4):409-412"
Eotapinoma_macalpini,70.6,83.5,Dolichoderinae,,Eotapinoma,Canada,"G. M. Dlussky. 1999. New ants (Hymenoptera, Formicidae) from Canadian amber. Paleontological Journal 33(4):409-412"
Cananeuretus_occidentalis,70.6,83.5,Aneuretinae,,Cananeuretus,Canada,"M. S. Engel and D. A. Grimaldi. 2005. Primitive New Ants in Cretaceous Amber from Myanmar, New Jersey, and Canada (Hymenoptera: Formicidae). American Museum Novitates 3485:1-24"
Avitomyrmex_elongatus,47.8,56,Myrmeciinae,,Avitomyrmex,Canada,"S. B. Archibald, S. P. Cover, and C. S. Moreau. 2006. Bulldog Ants of the Eocene Okanagan Highlands and History of the Subfamily (Hymenoptera: Formicidae: Myrmeciinae). Annals of the Entomological Society of America 99(3):487-523"
Avitomyrmex_mastax,47.8,56,Myrmeciinae,,Avitomyrmex,Canada,"S. B. Archibald, S. P. Cover, and C. S. Moreau. 2006. Bulldog Ants of the Eocene Okanagan Highlands and History of the Subfamily (Hymenoptera: Formicidae: Myrmeciinae). Annals of the Entomological Society of America 99(3):487-523"
Avitomyrmex_systenus,47.8,56,Myrmeciinae,,Avitomyrmex,Canada,"S. B. Archibald, S. P. Cover, and C. S. Moreau. 2006. Bulldog Ants of the Eocene Okanagan Highlands and History of the Subfamily (Hymenoptera: Formicidae: Myrmeciinae). Annals of the Entomological Society of America 99(3):487-523"
Macabeemyrma_ovata,47.8,56,Myrmeciinae,,Macabeemyrma,Canada,"S. B. Archibald, S. P. Cover, and C. S. Moreau. 2006. Bulldog Ants of the Eocene Okanagan Highlands and History of the Subfamily (Hymenoptera: Formicidae: Myrmeciinae). Annals of the Entomological Society of America 99(3):487-523"
Myrmeciites,47.8,56,Myrmeciinae,,,Canada,"S. B. Archibald, S. P. Cover, and C. S. Moreau. 2006. Bulldog Ants of the Eocene Okanagan Highlands and History of the Subfamily (Hymenoptera: Formicidae: Myrmeciinae). Annals of the Entomological Society of America 99(3):487-523"
Myrmeciites_goliath,47.8,56,Myrmeciinae,Collective group name (page does not exist),Myrmeciites,Canada,"S. B. Archibald, S. P. Cover, and C. S. Moreau. 2006. Bulldog Ants of the Eocene Okanagan Highlands and History of the Subfamily (Hymenoptera: Formicidae: Myrmeciinae). Annals of the Entomological Society of America 99(3):487-523"
Myrmeciites_herculeanus,47.8,56,Myrmeciinae,Collective group name (page does not exist),Myrmeciites,Canada,"S. B. Archibald, S. P. Cover, and C. S. Moreau. 2006. Bulldog Ants of the Eocene Okanagan Highlands and History of the Subfamily (Hymenoptera: Formicidae: Myrmeciinae). Annals of the Entomological Society of America 99(3):487-523"
Myrmeciites_tabanifluviensis,47.8,56,Myrmeciinae,Collective group name (page does not exist),Myrmeciites,Canada,"S. B. Archibald, S. P. Cover, and C. S. Moreau. 2006. Bulldog Ants of the Eocene Okanagan Highlands and History of the Subfamily (Hymenoptera: Formicidae: Myrmeciinae). Annals of the Entomological Society of America 99(3):487-523"
Ypresiomyrma_bartletti,47.8,56,Myrmeciinae,,Ypresiomyrma,Canada,"S. B. Archibald, S. P. Cover, and C. S. Moreau. 2006. Bulldog Ants of the Eocene Okanagan Highlands and History of the Subfamily (Hymenoptera: Formicidae: Myrmeciinae). Annals of the Entomological Society of America 99(3):487-523"
Ypresiomyrma_rebekkae,47.8,56,Myrmeciinae,,Ypresiomyrma,Canada,"S. B. Archibald, S. P. Cover, and C. S. Moreau. 2006. Bulldog Ants of the Eocene Okanagan Highlands and History of the Subfamily (Hymenoptera: Formicidae: Myrmeciinae). Annals of the Entomological Society of America 99(3):487-523"
Calyptites_antediluvianum,23.03,33.9,,,Calyptites,Canada,S. H. Scudder. 1877. The insects of the Tertiary beds at Quesnel (British Colombia). Report of Progress of the Geological Survey of Canada 1875-1876 266-280
Archimyrmex_rostratus,46.2,50.3,Myrmeciinae,,Archimyrmex,Colorado,"G. M. Dlussky. 2012. New fossil ants of the subfamily Myrmeciinae (Hymenoptera, Formicidae) from Germany. Paleontological Journal 46:288-292	German"
Eulithomyrmex_rugosus,33.9,37.2,Agroecomyrmecinae,,Eulithomyrmex,Colorado,"Carpenter, F. M. 1935. A new name for Lithomyrmex Carp. (Hymenoptera). Psyche (Camb.) 42: 91"
Aphaenogaster_donisthorpei,33.9,37.2,Myrmicinae,Stenammini,Aphaenogaster,Colorado,"F. M. Carpenter. 1930. The Fossil Ants of North America. Bulletin of the Museum of Comparative Zoology, Harvard University 70:1-66"
Aphaenogaster_mayri,33.9,37.2,Myrmicinae,Stenammini,Aphaenogaster,Colorado,"F. M. Carpenter. 1930. The Fossil Ants of North America. Bulletin of the Museum of Comparative Zoology, Harvard University 70:1-66"
Archiponera_wheeleri,33.9,37.2,Ponerinae,Ponerini,Archiponera,Colorado,"F. M. Carpenter. 1930. The Fossil Ants of North America. Bulletin of the Museum of Comparative Zoology, Harvard University 70:1-66"
Camponotus_fuscipennis,33.9,37.2,Formicinae,Camponotini,Camponotus,Colorado,"F. M. Carpenter. 1930. The Fossil Ants of North America. Bulletin of the Museum of Comparative Zoology, Harvard University 70:1-66"
Camponotus_microcephalus,33.9,37.2,Formicinae,Camponotini,Camponotus,Colorado,"F. M. Carpenter. 1930. The Fossil Ants of North America. Bulletin of the Museum of Comparative Zoology, Harvard University 70:1-66"
Camponotus_petrifactus,33.9,37.2,Formicinae,Camponotini,Camponotus,Colorado,"F. M. Carpenter. 1930. The Fossil Ants of North America. Bulletin of the Museum of Comparative Zoology, Harvard University 70:1-66"
Cephalomyrmex_rotundatus,33.9,37.2,Myrmicinae,,Cephalomyrmex,Colorado,"F. M. Carpenter. 1930. The Fossil Ants of North America. Bulletin of the Museum of Comparative Zoology, Harvard University 70:1-66"
Dolichoderus_antiquus,33.9,37.2,Dolichoderinae,,Dolichoderus,Colorado,"F. M. Carpenter. 1930. The Fossil Ants of North America. Bulletin of the Museum of Comparative Zoology, Harvard University 70:1-66"
Dolichoderus_rohweri,33.9,37.2,Dolichoderinae,,Dolichoderus,Colorado,"F. M. Carpenter. 1930. The Fossil Ants of North America. Bulletin of the Museum of Comparative Zoology, Harvard University 70:1-66"
Elaeomyrmex_coloradensis,33.9,37.2,Dolichoderinae,,Elaeomyrmex,Colorado,"F. M. Carpenter. 1930. The Fossil Ants of North America. Bulletin of the Museum of Comparative Zoology, Harvard University 70:1-66"
Elaeomyrmex_gracilis,33.9,37.2,Dolichoderinae,,Elaeomyrmex,Colorado,"F. M. Carpenter. 1930. The Fossil Ants of North America. Bulletin of the Museum of Comparative Zoology, Harvard University 70:1-66"
Formica_cockerelli,33.9,37.2,Formicinae,Formicini,Formica,Colorado,"F. M. Carpenter. 1930. The Fossil Ants of North America. Bulletin of the Museum of Comparative Zoology, Harvard University 70:1-66"
Formica_grandis,33.9,37.2,Formicinae,Formicini,Formica,Colorado,"F. M. Carpenter. 1930. The Fossil Ants of North America. Bulletin of the Museum of Comparative Zoology, Harvard University 70:1-66"
Formica_robusta,33.9,37.2,Formicinae,Formicini,Formica,Colorado,"F. M. Carpenter. 1930. The Fossil Ants of North America. Bulletin of the Museum of Comparative Zoology, Harvard University 70:1-66"
Iridomyrmex,33.9,37.2,Dolichoderinae,Leptomyrmecini,,Colorado,"F. M. Carpenter. 1930. The Fossil Ants of North America. Bulletin of the Museum of Comparative Zoology, Harvard University 70:1-66"
Liometopum_miocenicum,33.9,37.2,Dolichoderinae,,Liometopum,Colorado,"F. M. Carpenter. 1930. The Fossil Ants of North America. Bulletin of the Museum of Comparative Zoology, Harvard University 70:1-66"
Liometopum_scudderi,33.9,37.2,Dolichoderinae,,Liometopum,Colorado,"F. M. Carpenter. 1930. The Fossil Ants of North America. Bulletin of the Museum of Comparative Zoology, Harvard University 70:1-66"
Messor_sculpturatus,33.9,37.2,Myrmicinae,Stenammini,Messor,Colorado,"F. M. Carpenter. 1930. The Fossil Ants of North America. Bulletin of the Museum of Comparative Zoology, Harvard University 70:1-66"
Mianeuretus_mirabilis,33.9,37.2,Aneuretinae,,Mianeuretus,Colorado,"F. M. Carpenter. 1930. The Fossil Ants of North America. Bulletin of the Museum of Comparative Zoology, Harvard University 70:1-66"
Miomyrmex_impactus,33.9,37.2,Dolichoderinae,,Miomyrmex,Colorado,"F. M. Carpenter. 1930. The Fossil Ants of North America. Bulletin of the Museum of Comparative Zoology, Harvard University 70:1-66"
Miomyrmex_striatus,33.9,37.2,Dolichoderinae,,Miomyrmex,Colorado,"F. M. Carpenter. 1930. The Fossil Ants of North America. Bulletin of the Museum of Comparative Zoology, Harvard University 70:1-66"
Petraeomyrmex_minimus,33.9,37.2,Dolichoderinae,,Petraeomyrmex,Colorado,"F. M. Carpenter. 1930. The Fossil Ants of North America. Bulletin of the Museum of Comparative Zoology, Harvard University 70:1-66"
Pheidole_tertiaria,33.9,37.2,Myrmicinae,Attini,Pheidole,Colorado,"F. M. Carpenter. 1930. The Fossil Ants of North America. Bulletin of the Museum of Comparative Zoology, Harvard University 70:1-66"
Pogonomyrmex_fossilis,33.9,37.2,Myrmicinae,Pogonomyrmecini,Pogonomyrmex,Colorado,"F. M. Carpenter. 1930. The Fossil Ants of North America. Bulletin of the Museum of Comparative Zoology, Harvard University 70:1-66"
Protazteca_capitata,33.9,37.2,Dolichoderinae,,Protazteca,Colorado,"F. M. Carpenter. 1930. The Fossil Ants of North America. Bulletin of the Museum of Comparative Zoology, Harvard University 70:1-66"
Protazteca_elongata,33.9,37.2,Dolichoderinae,,Protazteca,Colorado,"F. M. Carpenter. 1930. The Fossil Ants of North America. Bulletin of the Museum of Comparative Zoology, Harvard University 70:1-66"
Protazteca_quadrata,33.9,37.2,Dolichoderinae,,Protazteca,Colorado,"F. M. Carpenter. 1930. The Fossil Ants of North America. Bulletin of the Museum of Comparative Zoology, Harvard University 70:1-66"
Paraphaenogaster_tertiaria,11.608,12.7,Myrmicinae,Stenammini,Paraphaenogaster,Croatia,"Dlussky, G.M. & Putyatina, T.S. 2014. Early Miocene ants (Hymenoptera, Formicidae) from Radoboj, Croatia. Neues Jahrbuch für Geologie und Paläontologie Abhandlungen 272, 237-285."
Lasius_anthracinus,11.608,12.7,Formicinae,Lasiini,Lasius,Croatia,"Dlussky, G.M. & Putyatina, T.S. 2014. Early Miocene ants (Hymenoptera, Formicidae) from Radoboj, Croatia. Neues Jahrbuch für Geologie und Paläontologie Abhandlungen 272, 237-285."
Lasius_globularis,11.608,12.7,Formicinae,Lasiini,Lasius,Croatia,"Dlussky, G.M. & Putyatina, T.S. 2014. Early Miocene ants (Hymenoptera, Formicidae) from Radoboj, Croatia. Neues Jahrbuch für Geologie und Paläontologie Abhandlungen 272, 237-285."
Lasius_longaevus,11.608,12.7,Formicinae,Lasiini,Lasius,Croatia,"Dlussky, G.M. & Putyatina, T.S. 2014. Early Miocene ants (Hymenoptera, Formicidae) from Radoboj, Croatia. Neues Jahrbuch für Geologie und Paläontologie Abhandlungen 272, 237-285."
Lasius_longipennis,11.608,12.7,Formicinae,Lasiini,Lasius,Croatia,"Dlussky, G.M. & Putyatina, T.S. 2014. Early Miocene ants (Hymenoptera, Formicidae) from Radoboj, Croatia. Neues Jahrbuch für Geologie und Paläontologie Abhandlungen 272, 237-285."
Lasius_occultatus,11.608,12.7,Formicinae,Lasiini,Lasius,Croatia,"Dlussky, G.M. & Putyatina, T.S. 2014. Early Miocene ants (Hymenoptera, Formicidae) from Radoboj, Croatia. Neues Jahrbuch für Geologie und Paläontologie Abhandlungen 272, 237-285."
Lasius_ophthalmicus,11.608,12.7,Formicinae,Lasiini,Lasius,Croatia,"Dlussky, G.M. & Putyatina, T.S. 2014. Early Miocene ants (Hymenoptera, Formicidae) from Radoboj, Croatia. Neues Jahrbuch für Geologie und Paläontologie Abhandlungen 272, 237-285."
Lasius_tertiarius,11.608,12.7,Formicinae,Lasiini,Lasius,Croatia,"Dlussky, G.M. & Putyatina, T.S. 2014. Early Miocene ants (Hymenoptera, Formicidae) from Radoboj, Croatia. Neues Jahrbuch für Geologie und Paläontologie Abhandlungen 272, 237-285."
Gesomyrmex_bremii,11.608,12.7,Formicinae,Gesomyrmecini,Gesomyrmex,Croatia,"Dlussky, G.M. & Putyatina, T.S. 2014. Early Miocene ants (Hymenoptera, Formicidae) from Radoboj, Croatia. Neues Jahrbuch für Geologie und Paläontologie Abhandlungen 272, 237-285."
Heeridris_croaticus,11.608,12.7,,,,Croatia,"Dlussky, G.M. & Putyatina, T.S. 2014. Early Miocene ants (Hymenoptera, Formicidae) from Radoboj, Croatia. Neues Jahrbuch für Geologie und Paläontologie Abhandlungen 272, 237-285."
Liometopum_imhoffii,11.608,12.7,Dolichoderinae,,Liometopum,Croatia,"Dlussky, G.M. & Putyatina, T.S. 2014. Early Miocene ants (Hymenoptera, Formicidae) from Radoboj, Croatia. Neues Jahrbuch für Geologie und Paläontologie Abhandlungen 272, 237-285."
Myrmecites_latus,11.608,12.7,Myrmicinae,,Myrmecites,Croatia,"Dlussky, G.M. & Putyatina, T.S. 2014. Early Miocene ants (Hymenoptera, Formicidae) from Radoboj, Croatia. Neues Jahrbuch für Geologie und Paläontologie Abhandlungen 272, 237-285."
Myrmecites_pusillus,11.608,12.7,Myrmicinae,,Myrmecites,Croatia,"Dlussky, G.M. & Putyatina, T.S. 2014. Early Miocene ants (Hymenoptera, Formicidae) from Radoboj, Croatia. Neues Jahrbuch für Geologie und Paläontologie Abhandlungen 272, 237-285."
Paraphaenogaster_jurinei,11.608,12.7,Myrmicinae,Stenammini,Paraphaenogaster,Croatia,"Dlussky, G.M. & Putyatina, T.S. 2014. Early Miocene ants (Hymenoptera, Formicidae) from Radoboj, Croatia. Neues Jahrbuch für Geologie und Paläontologie Abhandlungen 272, 237-285."
Ponerites_atavinus,11.608,12.7,Ponerinae,Ponerini,Ponerites,Croatia,"Dlussky, G.M. & Putyatina, T.S. 2014. Early Miocene ants (Hymenoptera, Formicidae) from Radoboj, Croatia. Neues Jahrbuch für Geologie und Paläontologie Abhandlungen 272, 237-285."
Ponerites_elongatus,11.608,12.7,Ponerinae,Ponerini,Ponerites,Croatia,"Dlussky, G.M. & Putyatina, T.S. 2014. Early Miocene ants (Hymenoptera, Formicidae) from Radoboj, Croatia. Neues Jahrbuch für Geologie und Paläontologie Abhandlungen 272, 237-285."
Ponerites_gracilior,11.608,12.7,Ponerinae,Ponerini,Ponerites,Croatia,"Dlussky, G.M. & Putyatina, T.S. 2014. Early Miocene ants (Hymenoptera, Formicidae) from Radoboj, Croatia. Neues Jahrbuch für Geologie und Paläontologie Abhandlungen 272, 237-285."
Ponerites_nitidus,11.608,12.7,Ponerinae,Ponerini,Ponerites,Croatia,"Dlussky, G.M. & Putyatina, T.S. 2014. Early Miocene ants (Hymenoptera, Formicidae) from Radoboj, Croatia. Neues Jahrbuch für Geologie und Paläontologie Abhandlungen 272, 237-285."
Ponerites_oblongiceps,11.608,12.7,Ponerinae,Ponerini,Ponerites,Croatia,"Dlussky, G.M. & Putyatina, T.S. 2014. Early Miocene ants (Hymenoptera, Formicidae) from Radoboj, Croatia. Neues Jahrbuch für Geologie und Paläontologie Abhandlungen 272, 237-285."
Ponerites_tenuis,11.608,12.7,Ponerinae,Ponerini,Ponerites,Croatia,"Dlussky, G.M. & Putyatina, T.S. 2014. Early Miocene ants (Hymenoptera, Formicidae) from Radoboj, Croatia. Neues Jahrbuch für Geologie und Paläontologie Abhandlungen 272, 237-285."
Ponerites_umbrus,11.608,15.97,Ponerinae,Ponerini,Ponerites,Croatia,"Dlussky, G.M. & Putyatina, T.S. 2014. Early Miocene ants (Hymenoptera, Formicidae) from Radoboj, Croatia. Neues Jahrbuch für Geologie und Paläontologie Abhandlungen 272, 237-285."
Camponotus,11.608,12.7,Formicinae,Camponotini,,Croatia,"Heer, O. 1849. Die Insektenfauna der Tertiärgebilde von Oeningen und von Radoboj in Croatien. Zweiter Theil: Heuschrecken, Florfliegen, Aderflüger, Schmetterlinge und Fliegen. Leipzig: W. Engelmann, vi + 264 pp."
Camponotus_heracleus,11.608,12.7,Formicinae,Camponotini,Camponotus,Croatia,"Heer, O. 1849. Die Insektenfauna der Tertiärgebilde von Oeningen und von Radoboj in Croatien. Zweiter Theil: Heuschrecken, Florfliegen, Aderflüger, Schmetterlinge und Fliegen. Leipzig: W. Engelmann, vi + 264 pp."
Camponotus_induratus,11.608,12.7,Formicinae,Camponotini,Camponotus,Croatia,"Heer, O. 1849. Die Insektenfauna der Tertiärgebilde von Oeningen und von Radoboj in Croatien. Zweiter Theil: Heuschrecken, Florfliegen, Aderflüger, Schmetterlinge und Fliegen. Leipzig: W. Engelmann, vi + 264 pp."
Camponotus_lignitus,11.608,12.7,Formicinae,Camponotini,Camponotus,Croatia,"Heer, O. 1849. Die Insektenfauna der Tertiärgebilde von Oeningen und von Radoboj in Croatien. Zweiter Theil: Heuschrecken, Florfliegen, Aderflüger, Schmetterlinge und Fliegen. Leipzig: W. Engelmann, vi + 264 pp."
Camponotus_pinguiculus,11.608,12.7,Formicinae,Camponotini,Camponotus,Croatia,"Heer, O. 1849. Die Insektenfauna der Tertiärgebilde von Oeningen und von Radoboj in Croatien. Zweiter Theil: Heuschrecken, Florfliegen, Aderflüger, Schmetterlinge und Fliegen. Leipzig: W. Engelmann, vi + 264 pp."
Carebara_rugiceps,11.608,12.7,Myrmicinae,Crematogastrini,Carebara,Croatia,"Heer, O. 1849. Die Insektenfauna der Tertiärgebilde von Oeningen und von Radoboj in Croatien. Zweiter Theil: Heuschrecken, Florfliegen, Aderflüger, Schmetterlinge und Fliegen. Leipzig: W. Engelmann, vi + 264 pp."
Cephites_fragilis,11.608,12.7,,,,Croatia,"Heer, O. 1849. Die Insektenfauna der Tertiärgebilde von Oeningen und von Radoboj in Croatien. Zweiter Theil: Heuschrecken, Florfliegen, Aderflüger, Schmetterlinge und Fliegen. Leipzig: W. Engelmann, vi + 264 pp."
Cephites_oeningensis,11.608,12.7,,,,Croatia,"Heer, O. 1849. Die Insektenfauna der Tertiärgebilde von Oeningen und von Radoboj in Croatien. Zweiter Theil: Heuschrecken, Florfliegen, Aderflüger, Schmetterlinge und Fliegen. Leipzig: W. Engelmann, vi + 264 pp."
Lonchomyrmex_freyeri,11.608,12.7,Myrmicinae,Crematogastrini,Lonchomyrmex,Croatia,Heer. 1867. Fossile Hymenopteren aus Oeningen und Radoboj. Neue Denkschriften der Allgemeinen Schweizerischen Gesellschaft für die Gesammten Naturwissenschaften 22:1-42
Odontomachus_paleomyagra,16.9,20,Ponerinae,Ponerini,Odontomachus,Croatia,"Wappler, T., Dlussky, G.M., Engel, M.S., Prokop, J. & Knor, S. 2014. A new trap-jaw ant species of the genus Odontomachus (Hymenoptera: Formicidae: Ponerinae) from the Early Miocene (Burdigalian) of the Czech Republic. Paläontologische Zeitschrift, 88, 495–502."
Dolichoderus_kutschlinicus,33.9,37.2,Dolichoderinae,,Dolichoderus,Czech,"Dalla Torre, K. W. von. 1893. Catalogus Hymenopterorum hucusque descriptorum systematicus et synonymicus. Vol. 7. Formicidae (Heterogyna). Leipzig: W. Engelmann, 289 pp. (page 159, Combination in Dolichoderus)"
Dolichoderus_vectensis,33.9,38,Dolichoderinae,,Dolichoderus,Czech,"Dalla Torre, K. W. von. 1893. Catalogus Hymenopterorum hucusque descriptorum systematicus et synonymicus. Vol. 7. Formicidae (Heterogyna). Leipzig: W. Engelmann, 289 pp. (page 159, Combination in Dolichoderus)"
Fallomyrma_transversa,33.9,38,Myrmicinae,,Fallomyrma,Danish,"Dlussky, G. M. and A. Radchenko. 2006. Fallomyrma gen. nov., a new myrmicine ant genus (Hymenoptera: Formicidae) from the late Eocene European amber. Annales Zoologici 56(1): 153-157"
Usomyrma_mirabilis,33.9,38,Dolichoderinae,Leptomyrmecini,Usomyrma,Danish,"Dlussky, G., Radchenko, A. & Dubovikoff, D. 2014. A new enigmatic ant genus from late Eocene Danish Amber and its evolutionary and zoogeographic significance. Acta Palaeontologica Polonica, 59: 931–939."
Pristomyrmex_rasnitsyni,33.9,38,Myrmicinae,Crematogastrini,Pristomyrmex,Danish,"Full reference: G. M. Dlussky and A. G. Radchenko. 2011. Pristomyrmex rasnitsyni sp. n., the first known fossil species of the ant genus Pristomyrmex Mayr (Hymenoptera: Formicidae) from the Late Eocene Danish amber. Russian Entomological Journal 20:251-254"
Trachymyrmex_primaevus,13.82,20.44,Myrmicinae,Attini,Trachymyrmex,Dominican,"Baroni Urbani, C. 1980b. First description of fossil gardening ants. (Amber Collection Stuttgart and Natural History Museum Basel; Hymenoptera: Formicidae. I: Attini). Stuttg. Beitr. Naturkd. Ser. B (Geol. Paläontol.) 54: 1-13"
Proceratium_denticulatum,13.82,20.44,Proceratiinae,Proceratiini,Proceratium,Dominican,"Baroni Urbani, C., de Andrade, M.L. 2003. The ant genus Proceratium in the extant and fossil record (Hymenoptera: Formicidae). Museo Regionale di Scienze Naturali, Monografie, 36, 1–492."
Proceratium_gibberum,13.82,20.44,Proceratiinae,Proceratiini,Proceratium,Dominican,"Baroni Urbani, C., de Andrade, M.L. 2003. The ant genus Proceratium in the extant and fossil record (Hymenoptera: Formicidae). Museo Regionale di Scienze Naturali, Monografie, 36, 1–492."
Proceratium_dominicanum,13.82,20.44,Proceratiinae,Proceratiini,Proceratium,Dominican,"C. Baroni Urbani and M. L. de Andrade. 2003. The ant genus Proceratium in the extant and fossil record (Hymenoptera: Formicidae). Museo Regionale di Scienze Naturali - Torino, Monografie 36:1-480"
Anochetus_corayi,13.82,20.44,Ponerinae,Ponerini,Anochetus,Dominican,"C. Baroni Urbani. 1980. Anochetus corayi n. sp., the first fossil Odontomachiti ant (amber collection Stuttgart: Hymenoptera, Formicidae. II: Odontomachiti). Stuttgarter Beiträge zur Naturkunde Serie B (Geologie und Paläontologie) 55:1-6"
Gnamptogenys_levinates,13.82,20.44,Ectatomminae,Ectatommini,Gnamptogenys,Dominican,"C. Baroni Urbani. 1980. The Ant Genus Gnamptogenys in Dominican Amber (Amber Collection Stuttgart: Hymenoptera, Formicidae. IV: Ectatommini). Stuttgarter Beiträge zur Naturkunde Serie B (Geologie und Paläontologie) 67:1-10"
Gnamptogenys_pristina,13.82,20.44,Ectatomminae,Ectatommini,Gnamptogenys,Dominican,"C. Baroni Urbani. 1980. The Ant Genus Gnamptogenys in Dominican Amber (Amber Collection Stuttgart: Hymenoptera, Formicidae. IV: Ectatommini). Stuttgarter Beiträge zur Naturkunde Serie B (Geologie und Paläontologie) 67:1-10"
Leptomyrmex_neotropicus,13.82,20.44,Dolichoderinae,,Leptomyrmex,Dominican,"C. Baroni Urbani. 1980. The first fossil species of the Australian ant genus Leptomyrmex in amber from the Dominican Republic (Amber collection Stuttgart: Hymenoptera, Formicidae. III: Leptomyrmicini)."
Pheidole_primigenia,13.82,20.44,Myrmicinae,Attini,Pheidole,Dominican,"C. Baroni Urbani. 1995. Invasion and extinction in the West Indian ant fauna revised: the example of Pheidole (amber collection Stuttgart: Hymenoptera, Formicidae. VIII: Myrmicinae, partim). Stuttgarter Beiträge zur Naturkunde Serie B"
Temnothorax_praecreolus,13.82,20.44,Myrmicinae,Crematogastrini,Temnothorax,Dominican,"De Andrade, M. L. 1992. First fossil ""true Macromischa"" in amber from the Dominican Republic (Hymenoptera, Formicidae). Mitt. Schweiz. Entomol. Ges. 65: 341-351 PDF (page 344, figs. 1, 2 worker described)"
Odontomachus_pseudobauri,13.82,20.44,Ponerinae,Ponerini,Odontomachus,Dominican,"De Andrade, M. L. 1994c. Fossil Odontomachiti ants from the Dominican Republic (Amber Collection Stuttgart: Hymenoptera, Formicidae. VII: Odontomachiti). Stuttg. Beitr. Naturkd. Ser. B (Geol. Paläontol.) 199: 1-28 (page 9, fig. 14 worker described)"
Platythyrea_pumilio,13.82,20.44,Ponerinae,Platythyreini,Platythyrea,Dominican,"De Andrade, M. L. 2004. A new species of Platythyrea from Dominican amber and description of a new extant species from Honduras (Hymenoptera: Formicidae). Revue Suisse de Zoologie 111(3): 643-655"
Acanthognathus_poinari,13.82,20.44,Myrmicinae,Attini,Acanthognathus,Dominican,"First description of fossil Dacetini ants with a critical analysis of the current classification of the tribe (amber collection Stuttgart: Hymenoptera, Formicidae. VI: Dacetini)"
Strumigenys_electrina,13.82,20.44,Myrmicinae,Attini,Strumigenys,Dominican,"First description of fossil Dacetini ants with a critical analysis of the current classification of the tribe (amber collection Stuttgart: Hymenoptera, Formicidae. VI: Dacetini)"
Strumigenys_schleeorum,13.82,20.44,Myrmicinae,Attini,Strumigenys,Dominican,"First description of fossil Dacetini ants with a critical analysis of the current classification of the tribe (amber collection Stuttgart: Hymenoptera, Formicidae. VI: Dacetini)"
Cephalotes_alveolatus,13.82,20.44,Myrmicinae,Attini,Cephalotes,Dominican,G. Vierbergen and J. Scheven. 1995. Nine new species and a new genus of Dominican amber ants of the tribe Cephalotini (Hymenoptera: Formicidae). Creation Research Society Quarterly 32(3):158-170
Cephalotes_jansei,13.82,20.44,Myrmicinae,Attini,Cephalotes,Dominican,G. Vierbergen and J. Scheven. 1995. Nine new species and a new genus of Dominican amber ants of the tribe Cephalotini (Hymenoptera: Formicidae). Creation Research Society Quarterly 32(3):158-170
Cephalotes_obscurus,13.82,20.44,Myrmicinae,Attini,Cephalotes,Dominican,G. Vierbergen and J. Scheven. 1995. Nine new species and a new genus of Dominican amber ants of the tribe Cephalotini (Hymenoptera: Formicidae). Creation Research Society Quarterly 32(3):158-170
Cephalotes_integerrimus,13.82,20.44,Myrmicinae,Attini,Cephalotes,Dominican,"M. L. de Andrade and C. Baroni Urbani. 1999. Diversity and adaptation in the ant genus Cephalotes, past and present. Stuttgarter Beiträge zur Naturkunde Serie B (Geologie und Paläontologie) 271:1-889"
Cephalotes_serratus,13.82,20.44,Myrmicinae,Attini,Cephalotes,Dominican,"M. L. de Andrade and C. Baroni Urbani. 1999. Diversity and adaptation in the ant genus Cephalotes, past and present. Stuttgarter Beiträge zur Naturkunde Serie B (Geologie und Paläontologie) 271:1-889"
Cephalotes_squamosus,13.82,20.44,Myrmicinae,Attini,Cephalotes,Dominican,"M. L. de Andrade and C. Baroni Urbani. 1999. Diversity and adaptation in the ant genus Cephalotes, past and present. Stuttgarter Beiträge zur Naturkunde Serie B (Geologie und Paläontologie) 271:1-889"
Nesomyrmex_caritatis,13.82,20.44,Myrmicinae,Crematogastrini,Nesomyrmex,Dominican,"M. L. de Andrade, C. Baroni Urbani, C. R. F. Brandão and J. Wagensberg. 1999. Two new species of Leptothorax ""Nesomyrmex"" fossils in Dominican amber."
Nesomyrmex_dominicanus,13.82,20.44,Myrmicinae,Crematogastrini,Nesomyrmex,Dominican,"M. L. de Andrade, C. Baroni Urbani, C. R. F. Brandão and J. Wagensberg. 1999. Two new species of Leptothorax ""Nesomyrmex"" fossils in Dominican amber."
Odontomachus_spinifer,13.82,20.44,Ponerinae,Ponerini,Odontomachus,Dominican,"M. L. de Andrade. 1994. Fossil Odontomachiti ants from the Dominican Republic (amber collection Stuttgart: Hymenoptera, Formicidae. VII: Odontomachiti). Stuttgarter Beiträge zur Naturkunde Serie B (Geologie und Paläontologie) 199:1-28"
Anochetus_ambiguus,13.82,20.44,Ponerinae,Ponerini,Anochetus,Dominican,"M. L. de Andrade. 1994. Fossil Odontomachiti ants from the Dominican Republic (amber collection Stuttgart: Hymenoptera, Formicidae. VII: Odontomachiti). Stuttgarter Beiträge zur Naturkunde Serie B (Geologie und Paläontologie) 199:1-28 ["
Anochetus_brevidentatus,13.82,20.44,Ponerinae,Ponerini,Anochetus,Dominican,"M. L. de Andrade. 1994. Fossil Odontomachiti ants from the Dominican Republic (amber collection Stuttgart: Hymenoptera, Formicidae. VII: Odontomachiti). Stuttgarter Beiträge zur Naturkunde Serie B (Geologie und Paläontologie) 199:1-28 ["
Anochetus_conisquamis,13.82,20.44,Ponerinae,Ponerini,Anochetus,Dominican,"M. L. de Andrade. 1994. Fossil Odontomachiti ants from the Dominican Republic (amber collection Stuttgart: Hymenoptera, Formicidae. VII: Odontomachiti). Stuttgarter Beiträge zur Naturkunde Serie B (Geologie und Paläontologie) 199:1-28 ["
Anochetus_dubius,13.82,20.44,Ponerinae,Ponerini,Anochetus,Dominican,"M. L. de Andrade. 1994. Fossil Odontomachiti ants from the Dominican Republic (amber collection Stuttgart: Hymenoptera, Formicidae. VII: Odontomachiti). Stuttgarter Beiträge zur Naturkunde Serie B (Geologie und Paläontologie) 199:1-28 ["
Anochetus_exstinctus,13.82,20.44,Ponerinae,Ponerini,Anochetus,Dominican,"M. L. de Andrade. 1994. Fossil Odontomachiti ants from the Dominican Republic (amber collection Stuttgart: Hymenoptera, Formicidae. VII: Odontomachiti). Stuttgarter Beiträge zur Naturkunde Serie B (Geologie und Paläontologie) 199:1-28 ["
Anochetus_intermedius,13.82,20.44,Ponerinae,Ponerini,Anochetus,Dominican,"M. L. de Andrade. 1994. Fossil Odontomachiti ants from the Dominican Republic (amber collection Stuttgart: Hymenoptera, Formicidae. VII: Odontomachiti). Stuttgarter Beiträge zur Naturkunde Serie B (Geologie und Paläontologie) 199:1-28 ["
Anochetus_lucidus,13.82,20.44,Ponerinae,Ponerini,Anochetus,Dominican,"M. L. de Andrade. 1994. Fossil Odontomachiti ants from the Dominican Republic (amber collection Stuttgart: Hymenoptera, Formicidae. VII: Odontomachiti). Stuttgarter Beiträge zur Naturkunde Serie B (Geologie und Paläontologie) 199:1-28 ["
Aphaenogaster_amphioceanica,13.82,20.44,Myrmicinae,Stenammini,Aphaenogaster,Dominican,"M. L. de Andrade. 1995. The Ant Genus Aphaenogoster in Dominican and Mexican Amber (Amber Collection Stuttgart: Hymenoptera, Formicidae. IX: Pheidolini). Stuttgarter Beiträge zur Naturkunde, Serie B 223:1-11"
Acanthostichus_hispaniolicus,13.82,20.44,Dorylinae,,Acanthostichus,Dominican,M. L. de Andrade. 1998. First description of fossil Acanthostichus from Dominican amber (Hymenoptera: Formicidae). Mitteilungen der Schweizerischen Entomologischen Gesellschaft 71:269-274
Tetramorium_kulickae,33.9,38,Myrmicinae,Crematogastrini,Tetramorium,Dominican,"Radchenko, A. G. & Dlussky, G. M. 2015. First record of fossil species of the genus Tetramorium (Hymenoptera, Formicidae). Vestnik Zoologii 49(4):311-316. PDF"
Emplastus_britannicus,33.9,38,Dolichoderinae,,Emplastus,England,"Cockerell, T. D. A. 1915. British fossil insects. Proc. U. S. Natl. Mus. 49: 469-499"
Emplastus_gurnetensis,33.9,38,Dolichoderinae,,Emplastus,England,"Cockerell, T. D. A. 1915. British fossil insects. Proc. U. S. Natl. Mus. 49: 469-499"
Emplastus_hypolithus,33.9,38,Dolichoderinae,,Emplastus,England,"Cockerell, T. D. A. 1915. British fossil insects. Proc. U. S. Natl. Mus. 49: 469-499"
Emplastus_kozlovi,33.9,38,Dolichoderinae,,Emplastus,England,"Cockerell, T. D. A. 1915. British fossil insects. Proc. U. S. Natl. Mus. 49: 469-499"
Formica_heteroptera,41.3,47.8,Formicinae,Formicini,Formica,England,"Cockerell, T. D. A. 1920. Fossil arthropods in the British Museum. - I. Ann. Mag. Nat. Hist. 9(5): 273-279"
Oecophylla_bartoniana,41.3,47.8,Formicinae,Oecophyllini,Oecophylla,England,"Cockerell, T. D. A. 1920. Fossil arthropods in the British Museum. - I. Ann. Mag. Nat. Hist. 9(5): 273-279"
Melissotarsus_ethiopiensis,15.97,23.03,Myrmicinae,Crematogastrini,Melissotarsus,Ethiopia,"D. Coty, M. Lebon, and A. Nel. 2016. When phylogeny meets geology and chemistry: doubts on the dating of Ethiopian amber. Annales de la Société Entomologique de France 52:161-166"
Platythyrea_dlusskyi,48.6,55.8,Ponerinae,Platythyreini,Platythyrea,France,"Aria, C., Perrichot, V. & Nel, A. 2011. Fossil Ponerinae in Early Eocene amber in France. Zootaxa 2870: 53-62"
Attopsis_longipennis,11.608,12.7,Formicinae,,Attopsis,France,"B. Förster. 1891. Die Insekten der ""Plattigen Steinmergels"" von Brunstatt. Abhandlungen zur Geologischen Specialkarte von Elsass-Lothringen, Band 3 1:335-593"
Attopsis_longipes,11.608,12.7,Formicinae,Oecophyllini,Oecophylla,France,"B. Förster. 1891. Die Insekten der ""Plattigen Steinmergels"" von Brunstatt. Abhandlungen zur Geologischen Specialkarte von Elsass-Lothringen, Band 3 1:335-593"
Camponotus_compactus,28.4,33.9,Formicinae,Camponotini,Camponotus,France,"B. Förster. 1891. Die Insekten der ""Plattigen Steinmergels"" von Brunstatt. Abhandlungen zur Geologischen Specialkarte von Elsass-Lothringen, Band 3 1:335-593"
Camponotus_vehemens,28.4,33.9,Formicinae,Camponotini,Camponotus,France,"B. Förster. 1891. Die Insekten der ""Plattigen Steinmergels"" von Brunstatt. Abhandlungen zur Geologischen Specialkarte von Elsass-Lothringen, Band 3 1:335-593"
Dolichoderus_explicans,28.4,33.9,Dolichoderinae,,Dolichoderus,France,"B. Förster. 1891. Die Insekten der ""Plattigen Steinmergels"" von Brunstatt. Abhandlungen zur Geologischen Specialkarte von Elsass-Lothringen, Band 3 1:335-593"
Oecophylla_praeclara,28.4,33.9,Formicinae,Oecophyllini,Oecophylla,France,"B. Förster. 1891. Die Insekten der ""Plattigen Steinmergels"" von Brunstatt. Abhandlungen zur Geologischen Specialkarte von Elsass-Lothringen, Band 3 1:335-593"
Solenopsis_blanda,28.4,33.9,Myrmicinae,Solenopsidini,Solenopsis,France,"B. Förster. 1891. Die Insekten der ""Plattigen Steinmergels"" von Brunstatt. Abhandlungen zur Geologischen Specialkarte von Elsass-Lothringen, Band 3 1:335-593"
Solenopsis_maxima,28.4,33.9,Myrmicinae,Solenopsidini,Solenopsis,France,"B. Förster. 1891. Die Insekten der ""Plattigen Steinmergels"" von Brunstatt. Abhandlungen zur Geologischen Specialkarte von Elsass-Lothringen, Band 3 1:335-593"
Solenopsis_moesta,28.4,33.9,Myrmicinae,Solenopsidini,Solenopsis,France,"B. Förster. 1891. Die Insekten der ""Plattigen Steinmergels"" von Brunstatt. Abhandlungen zur Geologischen Specialkarte von Elsass-Lothringen, Band 3 1:335-593"
Solenopsis_privata,28.4,33.9,Myrmicinae,Solenopsidini,Solenopsis,France,"B. Förster. 1891. Die Insekten der ""Plattigen Steinmergels"" von Brunstatt. Abhandlungen zur Geologischen Specialkarte von Elsass-Lothringen, Band 3 1:335-593"
Solenopsis_superba,28.4,33.9,Myrmicinae,Solenopsidini,Solenopsis,France,"B. Förster. 1891. Die Insekten der ""Plattigen Steinmergels"" von Brunstatt. Abhandlungen zur Geologischen Specialkarte von Elsass-Lothringen, Band 3 1:335-593"
Solenopsis_valida,28.4,33.9,Myrmicinae,Solenopsidini,Solenopsis,France,"B. Förster. 1891. Die Insekten der ""Plattigen Steinmergels"" von Brunstatt. Abhandlungen zur Geologischen Specialkarte von Elsass-Lothringen, Band 3 1:335-593"
Camponotus_crozei,5.333,8.7,Formicinae,Camponotini,Camponotus,France,"B. Riou. 1999. Descriptions de quelques insectes fossiles du Miocène supérieur de la Montagne d'Andance (Ardèche, France). Travaux de l'École Pratique des Hautes Études, Biologie et Évolution des Insectes 11/12:123-133"
Oecophylla_grandimandibula,5.333,8.7,Formicinae,Oecophyllini,Oecophylla,France,"B. Riou. 1999. Descriptions de quelques insectes fossiles du Miocène supérieur de la Montagne d'Andance (Ardèche, France). Travaux de l'École Pratique des Hautes Études, Biologie et Évolution des Insectes 11/12:123-133"
Carebara_thorali,23.03,28.1,Myrmicinae,Crematogastrini,Carebara,France,"Fernández, F. 2004a. The American species of the myrmicine ant genus Carebara Westwood (Hymentoptera: Formicidae). Caldasia 26(1): 191-238 (page 235, Combination in Carebara)"
Pseudomyrmex_saxulum,41.3,47.8,Pseudomyrmecinae,,Pseudomyrmex,France,J. S. LaPolla and D. E. Greenwalt. 2015. Fossil ants (Hymenoptera: Formicidae) of the Middle Eocene Kishenehn Formation. Sociobiology 62:163-174
Formica_cantalica,7.246,11.62,Formicinae,Formicini,Formica,France,"Piton, L. & Théobald, N. 1935. La faune entomologique des gisements Mio-Pliocènes du Massif Central. Revue des Sciences Naturelles d'Auvergne (N.S.) 1: 65-104"
Camponotus_obesus,7.246,11.62,Formicinae,Camponotini,Camponotus,France,"Piton, L. & Théobald, N. 1935. La faune entomologique des gisements Mio-Pliocènes du Massif Central. Revue des Sciences Naturelles d'Auvergne (N.S.) 1: 65-104"
Formica_auxillacensis,5.333,7.246,Formicinae,Formicini,Formica,France,"Piton, L. & Théobald, N. 1935. La faune entomologique des gisements Mio-Pliocènes du Massif Central. Revue des Sciences Naturelles d'Auvergne (N.S.) 1: 65-104 (Formicidae pp. 68-69)."
Formica_pitoni,2.588,3.6,Formicinae,Formicini,Formica,France,"Piton, L. & Théobald, N. 1935. La faune entomologique des gisements Mio-Pliocènes du Massif Central. Revue des Sciences Naturelles d'Auvergne (N.S.) 1: 65-104 (Formicidae pp. 68-69)."
Lasius_chambonensis,2.588,3.6,Formicinae,Lasiini,Lasius,France,"Piton, L. & Théobald, N. 1935. La faune entomologique des gisements Mio-Pliocènes du Massif Central. Revue des Sciences Naturelles d'Auvergne (N.S.) 1: 65-104 (Formicidae pp. 68-69)."
Lasius_crispus,5.333,8.7,Formicinae,Lasiini,Lasius,France,"Théobald, N. 1935a. [Untitled. Lasius crispus N. Théobald nov. spec.]. P. 68 in: Piton, L., Théobald, N. La faune entomologique des gisements Mio-Pliocènes du Massif Central. Rev. Sci. Nat. Auvergne (n.s.)1:65-104."
Formica_maculipennis,5.333,8.7,Formicinae,Formicini,Formica,France,"Théobald, N. 1935c. [Untitled. Formica maculipennis N. Théobald nov. spec.]. P. 91 in: Piton, L., Théobald, N. La faune entomologique des gisements Mio-Pliocènes du Massif Central. Rev. Sci. Nat. Auvergne (n.s.)1:65-104."
Archimyrmex_wedmannae,40.4,48.6,Myrmeciinae,,Archimyrmex,German,"G. M. Dlussky. 2012. New fossil ants of the subfamily Myrmeciinae (Hymenoptera, Formicidae) from Germany. Paleontological Journal 46:288-292"
Lasius_oblongus,5.333,11.608,Formicinae,Lasiini,Lasius,Germany,"Assmann, A. 1870. Beiträge zur Insekten-Fauna der Vorwelt. I. Beitrag. Die fossilen Insekten des tertiären (miocenen) Thonlagers von Schossnitz bei Kanth. Z. Entomol. (Breslau) (N.F.) 1: 33-58 (page 38, pl. 1, fig. 1 wing described)"
Pachycondyla_petiolosa,40.4,48.6,Ponerinae,,Pachycondyla,Germany,"Dlussky, G.M. & Wedmann, S. 2012. The poneromorph ants of Grube Messel, Germany: high biodiversity in the Eocene. Journal of Systematic Palaeontology 10: 725-753."
Pachycondyla_petrosa,40.4,48.6,Ponerinae,,Pachycondyla,Germany,"Dlussky, G.M. & Wedmann, S. 2012. The poneromorph ants of Grube Messel, Germany: high biodiversity in the Eocene. Journal of Systematic Palaeontology 10: 725-753."
Carebara_schossnicensis,5.333,11.608,Myrmicinae,Crematogastrini,Carebara,Germany,"Fischer, G., Azorsa, F. & Fisher, B.L. 2014. The ant genus Carebara Westwood (Hymenoptera, Formicidae): synonymisation of Pheidologeton Mayr under Carebara, establishment and revision of the C. polita species group. ZooKeys 438: 57–112."
Carebara_sophiae,5.333,11.608,Myrmicinae,Crematogastrini,Carebara,Germany,"Fischer, G., Azorsa, F. & Fisher, B.L. 2014. The ant genus Carebara Westwood (Hymenoptera, Formicidae): synonymisation of Pheidologeton Mayr under Carebara, establishment and revision of the C. polita species group. ZooKeys 438: 57–112."
Plesiomyrmex_tubulatus,33.9,38,Myrmicinae,Myrmicini,Plesiomyrmex,Germany,G. M. Dlussky and A. G. Radchenko. 2009. Two new primitive ant genera from the late Eocene European ambers. Acta Palaeontologica Polonica 54:435-441
Camponotites_steinbachi,2.588,3.6,Formicinae,,Camponotites,Germany,"G. M. Dlussky, H. V. Karl, and C. Brauckmann. 2011. Camponotites steinbachi name, in Two ants (Insecta: Hymenoptera: Formicidae: Formicinae) from the late Pliocene of Willershausen, Germany, with a nomenclatural note on the genus Camponotites. Palaeontologische Zeitschrift"
Gesomyrmex_breviceps,40.4,48.6,Formicinae,Gesomyrmecini,Gesomyrmex,Germany,"G. M. Dlussky, T. Wappler, and S. Wedmann. 2009. Fossil ants of the genus Gesomyrmex Mayr (Hymenoptera, Formicidae) from the Eocene of Europe and remarks on the evolution of arboreal ant communities."
Gesomyrmex_flavescens,40.4,48.6,Formicinae,Gesomyrmecini,Gesomyrmex,Germany,"G. M. Dlussky, T. Wappler, and S. Wedmann. 2009. Fossil ants of the genus Gesomyrmex Mayr (Hymenoptera, Formicidae) from the Eocene of Europe and remarks on the evolution of arboreal ant communities."
Gesomyrmex_germanicus,40.4,48.6,Formicinae,Gesomyrmecini,Gesomyrmex,Germany,"G. M. Dlussky, T. Wappler, and S. Wedmann. 2009. Fossil ants of the genus Gesomyrmex Mayr (Hymenoptera, Formicidae) from the Eocene of Europe and remarks on the evolution of arboreal ant communities."
Gesomyrmex_pulcher,40.4,48.6,Formicinae,Gesomyrmecini,Gesomyrmex,Germany,"G. M. Dlussky, T. Wappler, and S. Wedmann. 2009. Fossil ants of the genus Gesomyrmex Mayr (Hymenoptera, Formicidae) from the Eocene of Europe and remarks on the evolution of arboreal ant communities."
Prionomyrmex_wappleri,23.03,28.4,Myrmeciinae,Prionomyrmecini,Prionomyrmex,Germany,"G. M. Dlussky. 2012. New fossil ants of the subfamily Myrmeciinae (Hymenoptera, Formicidae) from Germany. Paleontological Journal 46:288-292"
Camponotites_silvestris,2.588,3.6,Formicinae,,Camponotites,Germany,G. Steinbach. 1967. Zur Hymenopterenfauna des Pliozäns von Willershausen/Westharz. Bericht der Naturhistorischen Gesellschaft zu Hannover 111:95-102
Camponotus_novotnyi,28.1,33.9,Formicinae,Camponotini,Camponotus,Germany,"K. Samsinak. 1967. Camponotus novotnyi sp. n., eine neue tertiäre Ameise aus Böhmen. Vestnik Ustredniho Ustavu Geologickeho 42:365-366"
Titanomyrma_simillima,40.4,48.6,Formiciinae,,Titanomyrma,Germany,"Lutz, H. 1986. Eine neue Unterfamilie der Formicidae (Insecta: Hymenoptera) aus dem mittel-eozänen Olschiefer der ""Grube Messel"" bei Darmstadt (Deutschland, S-Hessen). Senckenb. Leth. 67: 177-218 PDF"
Ponera_elegantissima,23.03,28.4,Ponerinae,Ponerini,Ponera,Germany,"Meunier, F. 1923. Sur quelques nouveaux insectes des lignites oligocènes (Aquitanien) de Rott, Siebengebirge (Rhénanie). Proc. Sect. Sci. K. Akad. Wet. Amst. 26: 605-612"
Carebara_bohemica,15.97,16.9,Myrmicinae,Crematogastrini,Carebara,Germany,"Novák, O. 1877. Fauna der Cyprisschiefer des Egerer Tertiärbeckens. Sitzungsber. Kais. Akad. Wiss. Wien Math.-Naturwiss. Cl. Abt. I 76: 71-96 (page 91, pl. 3, fig. 2 male? described)"
Formica_buphthalma,15.97,16.9,Formicinae,Formicini,Formica,Germany,"Novák, O. 1877. Fauna der Cyprisschiefer des Egerer Tertiärbeckens. Sitzungsber. Kais. Akad. Wiss. Wien Math.-Naturwiss. Cl. Abt. I 76: 71-96 (page 91, pl. 3, fig. 2 male? described)"
Oecophylla_eckfeldiana,40.4,48.6,Formicinae,Oecophyllini,Oecophylla,Germany,"Oecophylla eckfeldiana Dlussky, in Dlussky, Wappler & Wedmann, 2008: 619, fig. 4 (w.q.) GERMANY (Eocene)."
Oecophylla_longiceps,40.4,48.6,Formicinae,Oecophyllini,Oecophylla,Germany,"Oecophylla eckfeldiana Dlussky, in Dlussky, Wappler & Wedmann, 2008: 619, fig. 4 (w.q.) GERMANY (Eocene)."
Polyrhachis_annosus,5.333,7.246,,,,Greece,"Wappler, T., Dlussky, G.M. & Reuter, M. 2009. The first fossil record of Polyrhachis from the Upper Miocene of Crete (Greece). Palaeontologische Zeitschrift 83: 431-438"
Casaleia_eocenica,40.4,48.6,Amblyoponinae,,Casaleia,Grube Messel,"G. M. Dlussky and S. Wedmann. 2012. The poneromorph ants (Hymenoptera, Formicidae: Amblyoponinae, Ectatomminae, Ponerinae) of Grube Messel, Germany: high biodiversity in the Eocene."
Cephalopone_grandis,40.4,48.6,Ponerinae,,Cephalopone,Grube Messel,"G. M. Dlussky and S. Wedmann. 2012. The poneromorph ants (Hymenoptera, Formicidae: Amblyoponinae, Ectatomminae, Ponerinae) of Grube Messel, Germany: high biodiversity in the Eocene."
Cephalopone_potens,40.4,48.6,Ponerinae,,Cephalopone,Grube Messel,"G. M. Dlussky and S. Wedmann. 2012. The poneromorph ants (Hymenoptera, Formicidae: Amblyoponinae, Ectatomminae, Ponerinae) of Grube Messel, Germany: high biodiversity in the Eocene."
Cyrtopone_curiosa,40.4,48.6,Ponerinae,,Cyrtopone,Grube Messel,"G. M. Dlussky and S. Wedmann. 2012. The poneromorph ants (Hymenoptera, Formicidae: Amblyoponinae, Ectatomminae, Ponerinae) of Grube Messel, Germany: high biodiversity in the Eocene."
Cyrtopone_elongata,40.4,48.6,Ponerinae,,Cyrtopone,Grube Messel,"G. M. Dlussky and S. Wedmann. 2012. The poneromorph ants (Hymenoptera, Formicidae: Amblyoponinae, Ectatomminae, Ponerinae) of Grube Messel, Germany: high biodiversity in the Eocene."
Cyrtopone_microcephala,40.4,48.6,Ponerinae,,Cyrtopone,Grube Messel,"G. M. Dlussky and S. Wedmann. 2012. The poneromorph ants (Hymenoptera, Formicidae: Amblyoponinae, Ectatomminae, Ponerinae) of Grube Messel, Germany: high biodiversity in the Eocene."
Cyrtopone_striata,40.4,48.6,Ponerinae,,Cyrtopone,Grube Messel,"G. M. Dlussky and S. Wedmann. 2012. The poneromorph ants (Hymenoptera, Formicidae: Amblyoponinae, Ectatomminae, Ponerinae) of Grube Messel, Germany: high biodiversity in the Eocene."
Messelepone_leptogenoides,40.4,48.6,Ponerinae,,Messelepone,Grube Messel,"G. M. Dlussky and S. Wedmann. 2012. The poneromorph ants (Hymenoptera, Formicidae: Amblyoponinae, Ectatomminae, Ponerinae) of Grube Messel, Germany: high biodiversity in the Eocene."
Pachycondyla_eocenica,40.4,48.6,Ponerinae,,Pachycondyla,Grube Messel,"G. M. Dlussky and S. Wedmann. 2012. The poneromorph ants (Hymenoptera, Formicidae: Amblyoponinae, Ectatomminae, Ponerinae) of Grube Messel, Germany: high biodiversity in the Eocene."
Pachycondyla_lutzi,40.4,48.6,Ponerinae,,Pachycondyla,Grube Messel,"G. M. Dlussky and S. Wedmann. 2012. The poneromorph ants (Hymenoptera, Formicidae: Amblyoponinae, Ectatomminae, Ponerinae) of Grube Messel, Germany: high biodiversity in the Eocene."
Pachycondyla_messeliana,40.4,48.6,Ponerinae,,Pachycondyla,Grube Messel,"G. M. Dlussky and S. Wedmann. 2012. The poneromorph ants (Hymenoptera, Formicidae: Amblyoponinae, Ectatomminae, Ponerinae) of Grube Messel, Germany: high biodiversity in the Eocene."
Protopone_germanica,40.4,48.6,Ponerinae,,Protopone,Grube Messel,"G. M. Dlussky and S. Wedmann. 2012. The poneromorph ants (Hymenoptera, Formicidae: Amblyoponinae, Ectatomminae, Ponerinae) of Grube Messel, Germany: high biodiversity in the Eocene."
Protopone_magna,40.4,48.6,Ponerinae,,Protopone,Grube Messel,"G. M. Dlussky and S. Wedmann. 2012. The poneromorph ants (Hymenoptera, Formicidae: Amblyoponinae, Ectatomminae, Ponerinae) of Grube Messel, Germany: high biodiversity in the Eocene."
Protopone_oculata,40.4,48.6,Ponerinae,,Protopone,Grube Messel,"G. M. Dlussky and S. Wedmann. 2012. The poneromorph ants (Hymenoptera, Formicidae: Amblyoponinae, Ectatomminae, Ponerinae) of Grube Messel, Germany: high biodiversity in the Eocene."
Protopone_sepulta,40.4,48.6,Ponerinae,,Protopone,Grube Messel,"G. M. Dlussky and S. Wedmann. 2012. The poneromorph ants (Hymenoptera, Formicidae: Amblyoponinae, Ectatomminae, Ponerinae) of Grube Messel, Germany: high biodiversity in the Eocene."
Protopone_vetula,40.4,48.6,Ponerinae,,Protopone,Grube Messel,"G. M. Dlussky and S. Wedmann. 2012. The poneromorph ants (Hymenoptera, Formicidae: Amblyoponinae, Ectatomminae, Ponerinae) of Grube Messel, Germany: high biodiversity in the Eocene."
Pseudectatomma_eocenica,40.4,48.6,Ectatomminae,,Pseudectatomma,Grube Messel,"G. M. Dlussky and S. Wedmann. 2012. The poneromorph ants (Hymenoptera, Formicidae: Amblyoponinae, Ectatomminae, Ponerinae) of Grube Messel, Germany: high biodiversity in the Eocene."
Pseudectatomma_striatula,40.4,48.6,Ectatomminae,,Pseudectatomma,Grube Messel,"G. M. Dlussky and S. Wedmann. 2012. The poneromorph ants (Hymenoptera, Formicidae: Amblyoponinae, Ectatomminae, Ponerinae) of Grube Messel, Germany: high biodiversity in the Eocene."
Lasius_peritulus,33.9,37.2,Formicinae,Lasiini,Lasius,Impression - US,"Carpenter, F. M. 1930. The fossil ants of North America. Bull. Mus. Comp. Zool. 70: 1-66"
Eoformica_globularis,46.2,50.3,,,Eoformica,Impression - US,"Dlussky, G. M.; Rasnitsyn, A. P. 2003 [2002]. Ants (Hymenoptera: Formicidae) of Formation Green River and some other Middle Eocene deposits of North America."
Eoformica_magna,46.2,50.3,,,Eoformica,Impression - US,"Dlussky, G. M.; Rasnitsyn, A. P. 2003 [2002]. Ants (Hymenoptera: Formicidae) of Formation Green River and some other Middle Eocene deposits of North America."
Eoformica_pinguis,46.2,50.3,,,Eoformica,Impression - US,"Dlussky, G. M.; Rasnitsyn, A. P. 2003 [2002]. Ants (Hymenoptera: Formicidae) of Formation Green River and some other Middle Eocene deposits of North America."
Parasyscia_conservata,0,0.0117,Dorylinae,,Parasyscia,Indonesia,H. Viehmeyer. 1913. Ameisen aus dem Kopal von Celebes. Stettiner Entomologische Zeitung 74:141-155
Ponerites_hooleyi,33.9,38,Ponerinae,Ponerini,Ponerites,Isle of Wight,"A. V. Antropov, S. A. Belokobylskij, S. G. Compton, G. M. Dlussky, A. I. Khalaim, V. A. Kolyada, M. A. Kozlov, K. S. Perfilieva, and A. P. Rasnitsyn. 2014. The wasps, bees and ants (Insecta: Vespida=Hymenoptera) from the Insect Limestone (Late Eocene) of the Isle of Wight, UK. Earth and Environmental Science Transactions of the Royal Society of Edinburgh 104:335-446"
Cataulacus_planiceps,5.333,11.608,Myrmicinae,Crematogastrini,Cataulacus,Italy,C. Emery. 1891. Le formiche dell'ambra Siciliana nel Museo Mineralogico dell'Università di Bologna. Memorie della Reale Accademia delle Scienze dell'Istituto di Bologna 5:141-165
Cataulacus_silvestrii,5.333,11.608,Myrmicinae,Crematogastrini,Cataulacus,Italy,C. Emery. 1891. Le formiche dell'ambra Siciliana nel Museo Mineralogico dell'Università di Bologna. Memorie della Reale Accademia delle Scienze dell'Istituto di Bologna 5:141-165
Ectatomma_gracile,5.333,11.608,Ectatomminae,Ectatommini,Ectatomma,Italy,C. Emery. 1891. Le formiche dell'ambra Siciliana nel Museo Mineralogico dell'Università di Bologna. Memorie della Reale Accademia delle Scienze dell'Istituto di Bologna 5:141-165
Hypopomyrmex_bombiccii,5.333,11.608,Myrmicinae,Crematogastrini,Hypopomyrmex,Italy,C. Emery. 1891. Le formiche dell'ambra Siciliana nel Museo Mineralogico dell'Università di Bologna. Memorie della Reale Accademia delle Scienze dell'Istituto di Bologna 5:141-165
Leptomyrmula_maravignae,5.333,11.608,Dolichoderinae,Leptomyrmecini,Leptomyrmula,Italy,C. Emery. 1891. Le formiche dell'ambra Siciliana nel Museo Mineralogico dell'Università di Bologna. Memorie della Reale Accademia delle Scienze dell'Istituto di Bologna 5:141-165
Oecophylla_sicula,5.333,11.608,Formicinae,Oecophyllini,Oecophylla,Italy,C. Emery. 1891. Le formiche dell'ambra Siciliana nel Museo Mineralogico dell'Università di Bologna. Memorie della Reale Accademia delle Scienze dell'Istituto di Bologna 5:141-165
Plagiolepis_labilis,5.333,11.608,Formicinae,Plagiolepidini,Plagiolepis,Italy,C. Emery. 1891. Le formiche dell'ambra Siciliana nel Museo Mineralogico dell'Università di Bologna. Memorie della Reale Accademia delle Scienze dell'Istituto di Bologna 5:141-165
Podomyrma_mayri,5.333,11.608,Myrmicinae,Crematogastrini,Podomyrma,Italy,C. Emery. 1891. Le formiche dell'ambra Siciliana nel Museo Mineralogico dell'Università di Bologna. Memorie della Reale Accademia delle Scienze dell'Istituto di Bologna 5:141-165
Ponera_leptocephala,5.333,11.608,Ponerinae,Ponerini,Ponera,Italy,C. Emery. 1891. Le formiche dell'ambra Siciliana nel Museo Mineralogico dell'Università di Bologna. Memorie della Reale Accademia delle Scienze dell'Istituto di Bologna 5:141-165
Sicilomyrmex_corniger,5.333,11.608,Formicinae,Gesomyrmecini,Sicilomyrmex,Italy,C. Emery. 1891. Le formiche dell'ambra Siciliana nel Museo Mineralogico dell'Università di Bologna. Memorie della Reale Accademia delle Scienze dell'Istituto di Bologna 5:141-165
Tapinoma_minutissimum,5.333,11.608,Dolichoderinae,,Tapinoma,Italy,C. Emery. 1891. Le formiche dell'ambra Siciliana nel Museo Mineralogico dell'Università di Bologna. Memorie della Reale Accademia delle Scienze dell'Istituto di Bologna 5:141-165
Technomyrmex_deletus,5.333,11.608,Dolichoderinae,,Technomyrmex,Italy,C. Emery. 1891. Le formiche dell'ambra Siciliana nel Museo Mineralogico dell'Università di Bologna. Memorie della Reale Accademia delle Scienze dell'Istituto di Bologna 5:141-165
Apterostigma_electropilosum,13.82,20.44,Myrmicinae,Attini,Apterostigma,"Langiam, DR",T. R. Schultz. 2007. The fungus-growing ant genus Apterostigma in Dominican amber. Memoirs of the American Entomological Institute 80:425-436
Apterostigma_eowilsoni,13.82,20.44,Myrmicinae,Attini,Apterostigma,"Langiam, DR",T. R. Schultz. 2007. The fungus-growing ant genus Apterostigma in Dominican amber. Memoirs of the American Entomological Institute 80:425-436
Aphaenogaster_dlusskyana,41.3,47.8,Myrmicinae,Stenammini,Aphaenogaster,"Lutentian, Russia","A. G. Radchenko and E. E. Perkovsky. 2016. The ant Aphaenogaster dlusskyana sp. nov. (Hymenoptera, Formicidae) from the Sakhalin amber - the earliest described species of an extant genus of Myrmicinae. Paleontological Journal 50:936-946"
Aphaenogaster_praerelicta,15.97,23.03,Myrmicinae,Stenammini,Aphaenogaster,Mexico,"M. L. de Andrade. 1995. The Ant Genus Aphaenogoster in Dominican and Mexican Amber (Amber Collection Stuttgart: Hymenoptera, Formicidae. IX: Pheidolini). Stuttgarter Beiträge zur Naturkunde, Serie B 223:1-11"
Proceratium_poinari,13.82,20.44,Proceratiinae,Proceratiini,Proceratium,Mexico,"M. L. de Andrade. 1998. First fossil records of the ant genus Discothyrea in Dominican and Mexican amber (Hymenoptera, Formicidae). Fragmenta Entomologica 30:201-214"
Discothyrea_gigas,13.82,20.44,Proceratiinae,Proceratiini,Discothyrea,Mexico,"M. L. de Andrade. 1998. First fossil records of the ant genus Discothyrea in Dominican and Mexican amber (Hymenoptera, Formicidae). Fragmenta Entomologica 30:201-214"
Cyphomyrmex_maya,15.97,23.03,Myrmicinae,Attini,Cyphomyrmex,Mexico,M. L. de Andrade. 2003. First descriptions of two new amber species of Cyphomyrmex from Mexico and the Dominican Republic. Beiträge zur Entomologie 53:131-139
Cyphomyrmex_taino,13.82,20.44,Myrmicinae,Attini,Cyphomyrmex,Mexico,M. L. de Andrade. 2003. First descriptions of two new amber species of Cyphomyrmex from Mexico and the Dominican Republic. Beiträge zur Entomologie 53:131-139
Proiridomyrmex_rotundatus,41.3,47.8,Dolichoderinae,,Proiridomyrmex,Montana,J. S. LaPolla and D. E. Greenwalt. 2015. Fossil ants (Hymenoptera: Formicidae) of the Middle Eocene Kishenehn Formation. Sociobiology 62:163-174
Formica_annosa,41.3,47.8,Formicinae,Formicini,Formica,Montana,"LaPolla, J.S. & Greenwlalt, D.E. 2015. Fossil ants (Hymenoptera: Formicidae) of the Middle Eocene Kishenehn Formation. Sociobiology, 62, 163-174 (DOI: 10.13102/sociobiology.v62i2.163-174)."
Dolichoderus_dlusskyi,41.3,47.8,Dolichoderinae,,Dolichoderus,Montana,"LaPolla, J.S. & Greenwlalt, D.E. 2015. Fossil ants (Hymenoptera: Formicidae) of the Middle Eocene Kishenehn Formation. Sociobiology, 62, 163-174 (DOI: 10.13102/sociobiology.v62i2.163-174)."
Ktunaxia_jucunda,41.3,47.8,Dolichoderinae,,Ktunaxia,Montana,"LaPolla, J.S. & Greenwlalt, D.E. 2015. Fossil ants (Hymenoptera: Formicidae) of the Middle Eocene Kishenehn Formation. Sociobiology, 62, 163-174 (DOI: 10.13102/sociobiology.v62i2.163-174)."
Protazteca_eocenica,41.3,47.8,Dolichoderinae,,Protazteca,Montana,"LaPolla, J.S. & Greenwlalt, D.E. 2015. Fossil ants (Hymenoptera: Formicidae) of the Middle Eocene Kishenehn Formation. Sociobiology, 62, 163-174 (DOI: 10.13102/sociobiology.v62i2.163-174)."
Solenopsites_abdita,41.3,47.8,Myrmicinae,,Solenopsites,Montana,"LaPolla, J.S. & Greenwlalt, D.E. 2015. Fossil ants (Hymenoptera: Formicidae) of the Middle Eocene Kishenehn Formation. Sociobiology, 62, 163-174 (DOI: 10.13102/sociobiology.v62i2.163-174)."
Ceratomyrmex_ellenbergeri,98.2,99.4,Sphecomyrminae,Haidomyrmecini,Ceratomyrmex,Myanmar,"Perrichot, V., Wang, B. & Engel, M.S. 2016. Extreme morphogenesis and ecological specialization among Cretaceous basal ants. Current Biology 26:1468-1472 (doi: 10.1016/j.cub.2016.03.075)."
Zigrasimecia_ferox,98.2,99.4,Sphecomyrminae,Zigrasimeciini,Zigrasimecia,Myanmar,V. Perrichot. 2014. A new species of the Cretaceous ant Zigrasimecia based on the worker caste reveals placement of the genus in the Sphecomyrminae (Hymenoptera: Formicidae). Myrmecological News 19:165-169
Austroponera_schneideri,20.44,23.03,Ponerinae,Ponerini,Austroponera,New Zealand,"U. Kaulfuss and G. M. Dlussky. 2016. Early Miocene Formicidae (Amblyoponinae, Ectatomminae, ?Dolichoderinae, Formicinae, and Ponerinae) from the Foulden Maar fossil Lagerstätte, New Zealand, and their biogeographic relevance. Journal of Paleontology 89:1043-1055"
Myrmecorhynchus_novaeseelandiae,20.44,23.03,Formicinae,Melophorini,Myrmecorhynchus,New Zealand,"U. Kaulfuss and G. M. Dlussky. 2016. Early Miocene Formicidae (Amblyoponinae, Ectatomminae, ?Dolichoderinae, Formicinae, and Ponerinae) from the Foulden Maar fossil Lagerstätte, New Zealand, and their biogeographic relevance. Journal of Paleontology 89:1043-1055"
Rhytidoponera_gibsoni,20.44,23.03,Ectatomminae,Ectatommini,Rhytidoponera,New Zealand,"U. Kaulfuss and G. M. Dlussky. 2016. Early Miocene Formicidae (Amblyoponinae, Ectatomminae, ?Dolichoderinae, Formicinae, and Ponerinae) from the Foulden Maar fossil Lagerstätte, New Zealand, and their biogeographic relevance. Journal of Paleontology 89:1043-1055"
Rhytidoponera_waipiata,20.44,23.03,Ectatomminae,Ectatommini,Rhytidoponera,New Zealand,"U. Kaulfuss and G. M. Dlussky. 2016. Early Miocene Formicidae (Amblyoponinae, Ectatomminae, ?Dolichoderinae, Formicinae, and Ponerinae) from the Foulden Maar fossil Lagerstätte, New Zealand, and their biogeographic relevance. Journal of Paleontology 89:1043-1055"
Lonchomyrmex_nigritus,5.333,11.608,Myrmicinae,Crematogastrini,Lonchomyrmex,Poland,A. Assmann. 1870. Beiträge zur Insekten-Fauna der Vorwelt. I. Beitrag. Die fossilen Insekten des tertiären (miocenen) Thonlagers von Schossnitz bei Kanth. Zeitschrift für Entomologie 1:33-58
Bradoponera_wunderlichi,33.9,38,Proceratiinae,Proceratiini,Bradoponera,"Priabonian, Russia","M. L. de Andrade and C. Baroni Urbani. 2003. The Baltic amber genus Bradoponera (Hymenoptera: Formicidae), with description of two new species and a reassessment of the Proceratiini genera. Revue Suisse de Zoologie 110:913-938"
Eocenomyrma_breviscapa,33.9,38,Myrmicinae,Crematogastrini,Eocenomyrma,"Priabonian, Russia","Radchenko, A.G., Dlussky, G.M. 2016. Further data on the extinct ant genus Eocenomyrma (Hymenoptera, Formicidae). Vestnik zoologii, 50: 395–406 (DOI 10.1515/vzoo-2016-0046)."
Eocenomyrma_elegantula,33.9,38,Myrmicinae,Crematogastrini,Eocenomyrma,"Priabonian, Russia","Radchenko, A.G., Dlussky, G.M. 2016. Further data on the extinct ant genus Eocenomyrma (Hymenoptera, Formicidae). Vestnik zoologii, 50: 395–406 (DOI 10.1515/vzoo-2016-0046)."
Eocenomyrma_orthospina,33.9,38,Myrmicinae,Crematogastrini,Eocenomyrma,"Priabonian, Russia","Radchenko, A.G., Dlussky, G.M. 2016. Further data on the extinct ant genus Eocenomyrma (Hymenoptera, Formicidae). Vestnik zoologii, 50: 395–406 (DOI 10.1515/vzoo-2016-0046)."
Eocenomyrma_rugosostriata,33.9,38,Myrmicinae,Crematogastrini,Eocenomyrma,"Priabonian, Russia","Radchenko, A.G., Dlussky, G.M. 2016. Further data on the extinct ant genus Eocenomyrma (Hymenoptera, Formicidae). Vestnik zoologii, 50: 395–406 (DOI 10.1515/vzoo-2016-0046)."
Eocenomyrma_ukrainica,33.9,38,Myrmicinae,Crematogastrini,Eocenomyrma,"Priabonian, Russia","Radchenko, A.G., Dlussky, G.M. 2016. Further data on the extinct ant genus Eocenomyrma (Hymenoptera, Formicidae). Vestnik zoologii, 50: 395–406 (DOI 10.1515/vzoo-2016-0046)."
Camponotus_cockerelli,33.9,38,Formicinae,,Camponotus,"Priabonian, UK","H. S.t. J. Donisthorpe. 1920. British Oligocene Ants. Annals and Magazine of Natural History, Series 9 6:81-9"
Oecophylla_atavina,33.9,38,Formicinae,Oecophyllini,Oecophylla,"Priabonian, UK",T. D. A. Cockerell. 1915. British fossil insects. Proceedings of the United States National Museum 49:469-499
Oecophylla_megarche,33.9,38,Formicinae,Oecophyllini,Oecophylla,"Priabonian, UK",T. D. A. Cockerell. 1915. British fossil insects. Proceedings of the United States National Museum 49:469-499
Formica_bauckhorni,23.03,28.4,Formicinae,Formicini,Formica,"Rott, Germany",F. Meunier. 1915. Über einige fossile Insekten aus den Braunkohlenschichten (Aquitanien) von Rott (Siebengebirge). Zeitschrift der Deutschen Geologischen Gesellschaft 67:205-217
Dlusskyidris_zherichini,83.5,85.8,,,Dlusskyidris,Russia,A. P. Rasnitsyn. 1975. Hymenoptera Apocrita of Mesozoic. Transactions of the Palaeontological Institute Academy of Sciences of the USSR 147:1-134
Myrmecites_major,33.9,38,Myrmicinae,,Myrmecites,Russia,"Dlussky, G.M., Rasnitsyn, A.P. & Perfilieva, K.S. 2015. The ants (Hymenoptera: Formicidae) of Bol’shaya Svetlovodnaya (Late Eocene of Sikhote-Alin, Russian Far East). Caucasian Entomoloigcal Bulletin, 11, 131-152."
Protomyrmica_atavia,33.9,38,Myrmicinae,Myrmicini,Protomyrmica,Russia,G. M. Dlussky and A. G. Radchenko. 2009. Two new primitive ant genera from the late Eocene European ambers. Acta Palaeontologica Polonica 54:435-441
Cretomyrma_arnoldii,83.5,85.8,Sphecomyrminae,Sphecomyrmini,Cretomyrma,Russia,G. M. Dlussky. 1975. Formicidae Taxonomy; Hymenoptera Apocrita of Mesozoic. Transactions of the Palaeontological Institute Academy of Sciences of the USSR 147:1-134
Cretomyrma_unicornis,83.5,85.8,Sphecomyrminae,Sphecomyrmini,Cretomyrma,Russia,G. M. Dlussky. 1975. Formicidae Taxonomy; Hymenoptera Apocrita of Mesozoic. Transactions of the Palaeontological Institute Academy of Sciences of the USSR 147:1-134
Camponotites_xiejiaheensis,15.97,20.44,Formicinae,,Camponotites,Sahnwang,Y. C. Hong. 1983. Fossil insects in the diatoms of Shanwang. Bulletin of the Tianjin Institute of Geology and Mineral Resources 8:1-15 [D.
Dolichoderus_jiaoyanshanensis,15.97,20.44,Dolichoderinae,,Dolichoderus,Shandong,"Hong, Y.-C., Wang, W. 1985. Miocene Diptera and Hymenoptera (Insecta) of Shanwang, Shandong Province, China. Memoirs of the Beijing Natural History Museum 31:1-22."
Camponotus_palaeopterus,15.97,20.44,Formicinae,Camponotini,Camponotus,Shandong,"Hong, Y.; Wu, J. 2000. The emendation of Shanwangella palaeoptera Zhang and its concerned problems. Geoscience (Beijing) 14: 15-20"
Camponotus_pictus,15.97,20.44,Formicinae,Camponotini,Camponotus,Shandong,"Hong, Y.; Wu, J. 2000. The emendation of Shanwangella palaeoptera Zhang and its concerned problems. Geoscience (Beijing) 14: 15-20"
Alloiomma_changweiensis,15.97,20.44,Dolichoderinae,,Alloiomma,Shandong,"J. F. Zhang. 1989. Fossil Insects From Shanwang, Shandong, China"
Alloiomma_differentialis,15.97,20.44,Dolichoderinae,,Alloiomma,Shandong,"J. F. Zhang. 1989. Fossil Insects From Shanwang, Shandong, China"
Camponotus_ambon,15.97,20.44,Formicinae,Camponotini,Camponotus,Shandong,"J. F. Zhang. 1989. Fossil Insects From Shanwang, Shandong, China"
Camponotus_ampullosus,15.97,20.44,Formicinae,Camponotini,Camponotus,Shandong,"J. F. Zhang. 1989. Fossil Insects From Shanwang, Shandong, China"
Camponotus_gracilis,15.97,20.44,Formicinae,Camponotini,Camponotus,Shandong,"J. F. Zhang. 1989. Fossil Insects From Shanwang, Shandong, China"
Camponotus_microthoracus,15.97,20.44,Formicinae,Camponotini,Camponotus,Shandong,"J. F. Zhang. 1989. Fossil Insects From Shanwang, Shandong, China"
Camponotus_shanwangensis,15.97,20.44,Formicinae,Camponotini,Camponotus,Shandong,"J. F. Zhang. 1989. Fossil Insects From Shanwang, Shandong, China"
Dolichoderus_evolans,15.97,20.44,Dolichoderinae,,Dolichoderus,Shandong,"J. F. Zhang. 1989. Fossil Insects From Shanwang, Shandong, China"
Dolichoderus_lacinius,15.97,20.44,Dolichoderinae,,Dolichoderus,Shandong,"J. F. Zhang. 1989. Fossil Insects From Shanwang, Shandong, China"
Elaphrodites_scutulatus,15.97,20.44,Dolichoderinae,,Elaphrodites,Shandong,"J. F. Zhang. 1989. Fossil Insects From Shanwang, Shandong, China"
Formica_linquensis,15.97,20.44,Formicinae,Formicini,Formica,Shandong,"J. F. Zhang. 1989. Fossil Insects From Shanwang, Shandong, China"
Formica_ovala,15.97,20.44,Formicinae,Formicini,Formica,Shandong,"J. F. Zhang. 1989. Fossil Insects From Shanwang, Shandong, China"
Myopopone_sinensis,15.97,20.44,Amblyoponinae,,Myopopone,Shandong,"J. F. Zhang. 1989. Fossil Insects From Shanwang, Shandong, China"
Technomyrmex_septentrionalis,15.97,20.44,Dolichoderinae,,Technomyrmex,Shandong,"J. F. Zhang. 1989. Fossil Insects From Shanwang, Shandong, China"
Camponotus_curviansatus,15.97,20.44,Formicinae,Camponotini,Camponotus,Shandong,"J. F. Zhang. 1989. Fossil Insects From Shanwang, Shandong, China 1-459"
Camponotus_longus,15.97,20.44,Formicinae,Camponotini,Camponotus,Shandong,"J. F. Zhang. 1989. Fossil Insects From Shanwang, Shandong, China 1-459"
Camponotus_plenus,15.97,20.44,Formicinae,Camponotini,Camponotus,Shandong,"J. F. Zhang. 1989. Fossil Insects From Shanwang, Shandong, China 1-459"
Lasius_mordicus,15.97,20.44,Formicinae,Lasiini,Lasius,Shandong,"J. F. Zhang. 1989. Fossil Insects From Shanwang, Shandong, China 1-459"
Lasius_truncatus,15.97,20.44,Formicinae,Lasiini,Lasius,Shandong,"J. F. Zhang. 1989. Fossil Insects From Shanwang, Shandong, China 1-459"
Lasius_validus,15.97,20.44,Formicinae,Lasiini,Lasius,Shandong,"J. F. Zhang. 1989. Fossil Insects From Shanwang, Shandong, China 1-459"
Lasius_vetulus,15.97,20.44,Formicinae,Lasiini,Lasius,Shandong,"J. F. Zhang. 1989. Fossil Insects From Shanwang, Shandong, China 1-459"
Paraphaenogaster_lapidescens,15.97,20.44,,,,Shandong,"J. F. Zhang. 1989. Fossil Insects From Shanwang, Shandong, China 1-459"
Paraphaenogaster_paludosa,15.97,20.44,,,,Shandong,"J. F. Zhang. 1989. Fossil Insects From Shanwang, Shandong, China 1-459"
Paraphaenogaster_shanwangensis,15.97,20.44,,,,Shandong,"J. F. Zhang. 1989. Fossil Insects From Shanwang, Shandong, China 1-459"
Elaphrodites_mutatus,15.97,20.44,Dolichoderinae,,Elaphrodites,Shandong,"J. F. Zhang. 1989. Fossil Insects From Shanwang, Shandong, China 1-459"
Iridomyrmex_shandongicus,15.97,20.44,Dolichoderinae,,Iridomyrmex,Shandong,"J. F. Zhang. 1989. Fossil Insects From Shanwang, Shandong, China 1-459"
Eurymyrmex_geologicus,15.97,20.44,Dolichoderinae,,Eurymyrmex,Shandong,"J. Zhang, B. Sun, and X. Zhang. 1994. Miocene insects and spiders from Shanwang, Shandong"
Liometopum_eremicum,15.97,20.44,Dolichoderinae,,Liometopum,Shandong,"Zhang, J. 1989. Fossil insects from Shanwang, Shandong, China. Jinan, China: Shandong Science and Technology Publishing House, 459 pp."
Liometopum_lubricum,15.97,20.44,Dolichoderinae,,Liometopum,Shandong,"Zhang, J. 1989. Fossil insects from Shanwang, Shandong, China. Jinan, China: Shandong Science and Technology Publishing House, 459 pp."
Liometopum_potamophilum,15.97,20.44,Dolichoderinae,,Liometopum,Shandong,"Zhang, J. 1989. Fossil insects from Shanwang, Shandong, China. Jinan, China: Shandong Science and Technology Publishing House, 459 pp."
Leptogenys_chinensis,15.97,20.44,Ponerinae,Ponerini,Leptogenys,Shandong,"Zhang, J. 1989. Fossil insects from Shanwang, Shandong, China. Jinan, China: Shandong Science and Technology Publishing House, 459 pp."
Leptogenys_lacerata,15.97,20.44,Ponerinae,Ponerini,Leptogenys,Shandong,"Zhang, J. 1989. Fossil insects from Shanwang, Shandong, China. Jinan, China: Shandong Science and Technology Publishing House, 459 pp."
Pachycondyla_minutansata,15.97,20.44,Ponerinae,Ponerini,Pachycondyla,Shandong,"Zhang, J. 1989. Fossil insects from Shanwang, Shandong, China. Jinan, China: Shandong Science and Technology Publishing House, 459 pp."
Pachycondyla_nubeculata,15.97,20.44,Ponerinae,Ponerini,Pachycondyla,Shandong,"Zhang, J. 1989. Fossil insects from Shanwang, Shandong, China. Jinan, China: Shandong Science and Technology Publishing House, 459 pp."
Miosolenopsis_fossilis,15.97,20.44,Myrmicinae,,Miosolenopsis,Shandong,"Zhang, J. 1989. Fossil insects from Shanwang, Shandong, China. Jinan, China: Shandong Science and Technology Publishing House, 459 pp."
Tapinoma_baculum,15.97,20.44,Dolichoderinae,,Tapinoma,Shandong,"Zhang, J. 1989. Fossil insects from Shanwang, Shandong, China. Jinan, China: Shandong Science and Technology Publishing House, 459 pp."
Zhangidris_atopogaster,15.97,20.44,Myrmicinae,,Zhangidris,Shandong,"Zhang, J. 1989. Fossil insects from Shanwang, Shandong, China. Jinan, China: Shandong Science and Technology Publishing House, 459 pp."
Formica_ceps,15.97,20.44,Formicinae,Formicini,Formica,Shandong,"Zhang, J. 1989. Fossil insects from Shanwang, Shandong, China. Jinan, China: Shandong Science and Technology Publishing House, 459 pp. (page 288, fig. 289 male described)"
Formica_flavifemoralis,15.97,20.44,Formicinae,Formicini,Formica,Shandong,"Zhang, J. 1989. Fossil insects from Shanwang, Shandong, China. Jinan, China: Shandong Science and Technology Publishing House, 459 pp. (page 288, fig. 289 male described)"
Lasius_inflatus,15.97,20.44,Formicinae,Lasiini,Lasius,Shandong,"Zhang, J. 1989. Fossil insects from Shanwang, Shandong, China. Jinan, China: Shandong Science and Technology Publishing House, 459 pp. (page 296, fig. 296 queen described)"
Paraphaenogaster_pannonica,5.333,7.246,,,,Switzerland,"F. Bachmayer. 1960. Insektenreste aus den Congerienschichten (Pannon) von Brunn-Vösendorf (sül. von Wien) Niederösterreich. Sitzungsberichte der Österreichische Akademie der Wissenschaften, Mathematisch-Naturwissenschaftliche Klasse 169:11-16"
Oecophylla_obesa,11.608,12.7,Formicinae,Oecophyllini,Oecophylla,Switzerland,"Heer, 1849: 108, pl. 8, fig. 1 (q.) CROATIA (Miocene). [Also described as new by Heer, 1850: 108.] Combination in Oecophylla: Mayr, 1867b: 50. Senior synonym of †anthracina, nigra, longipes, pinguis: Dlussky & Putyatina, 2014: 252."
Formica_primitiva,11.608,12.7,Formicinae,Formicini,Formica,Switzerland,"Heer, O. 1849. Die Insektenfauna der Tertiärgebilde von Oeningen und von Radoboj in Croatien. Zweiter Theil: Heuschrecken, Florfliegen, Aderflüger, Schmetterlinge und Fliegen. Leipzig: W. Engelmann, vi + 264 pp."
Formica_demersa,11.608,12.7,Formicinae,Formicini,Formica,Switzerland,"Heer, O. 1849. Die Insektenfauna der Tertiärgebilde von Oeningen und von Radoboj in Croatien. Zweiter Theil: Heuschrecken, Florfliegen, Aderflüger, Schmetterlinge und Fliegen. Leipzig: W. Engelmann, vi + 264 pp."
Formica_globiventris,11.608,12.7,Formicinae,Formicini,Formica,Switzerland,"Heer, O. 1849. Die Insektenfauna der Tertiärgebilde von Oeningen und von Radoboj in Croatien. Zweiter Theil: Heuschrecken, Florfliegen, Aderflüger, Schmetterlinge und Fliegen. Leipzig: W. Engelmann, vi + 264 pp."
Formica_gravida,11.608,12.7,Formicinae,Formicini,Formica,Switzerland,"Heer, O. 1849. Die Insektenfauna der Tertiärgebilde von Oeningen und von Radoboj in Croatien. Zweiter Theil: Heuschrecken, Florfliegen, Aderflüger, Schmetterlinge und Fliegen. Leipzig: W. Engelmann, vi + 264 pp."
Formica_immersa,11.608,12.7,Formicinae,Formicini,Formica,Switzerland,"Heer, O. 1849. Die Insektenfauna der Tertiärgebilde von Oeningen und von Radoboj in Croatien. Zweiter Theil: Heuschrecken, Florfliegen, Aderflüger, Schmetterlinge und Fliegen. Leipzig: W. Engelmann, vi + 264 pp."
Formica_lavateri,11.608,12.7,Formicinae,Formicini,Formica,Switzerland,"Heer, O. 1849. Die Insektenfauna der Tertiärgebilde von Oeningen und von Radoboj in Croatien. Zweiter Theil: Heuschrecken, Florfliegen, Aderflüger, Schmetterlinge und Fliegen. Leipzig: W. Engelmann, vi + 264 pp."
Formica_longicollis,11.608,12.7,Formicinae,Formicini,Formica,Switzerland,"Heer, O. 1849. Die Insektenfauna der Tertiärgebilde von Oeningen und von Radoboj in Croatien. Zweiter Theil: Heuschrecken, Florfliegen, Aderflüger, Schmetterlinge und Fliegen. Leipzig: W. Engelmann, vi + 264 pp."
Formica_macrocephala,11.608,12.7,Formicinae,Formicini,Formica,Switzerland,"Heer, O. 1849. Die Insektenfauna der Tertiärgebilde von Oeningen und von Radoboj in Croatien. Zweiter Theil: Heuschrecken, Florfliegen, Aderflüger, Schmetterlinge und Fliegen. Leipzig: W. Engelmann, vi + 264 pp."
Formica_macrophthalma,11.608,12.7,Formicinae,Formicini,Formica,Switzerland,"Heer, O. 1849. Die Insektenfauna der Tertiärgebilde von Oeningen und von Radoboj in Croatien. Zweiter Theil: Heuschrecken, Florfliegen, Aderflüger, Schmetterlinge und Fliegen. Leipzig: W. Engelmann, vi + 264 pp."
Formica_martynovi,11.608,12.7,Formicinae,Formicini,Formica,Switzerland,"Heer, O. 1849. Die Insektenfauna der Tertiärgebilde von Oeningen und von Radoboj in Croatien. Zweiter Theil: Heuschrecken, Florfliegen, Aderflüger, Schmetterlinge und Fliegen. Leipzig: W. Engelmann, vi + 264 pp."
Formica_obscura,11.608,12.7,Formicinae,Formicini,Formica,Switzerland,"Heer, O. 1849. Die Insektenfauna der Tertiärgebilde von Oeningen und von Radoboj in Croatien. Zweiter Theil: Heuschrecken, Florfliegen, Aderflüger, Schmetterlinge und Fliegen. Leipzig: W. Engelmann, vi + 264 pp."
Formica_orbata,11.608,12.7,Formicinae,Formicini,Formica,Switzerland,"Heer, O. 1849. Die Insektenfauna der Tertiärgebilde von Oeningen und von Radoboj in Croatien. Zweiter Theil: Heuschrecken, Florfliegen, Aderflüger, Schmetterlinge und Fliegen. Leipzig: W. Engelmann, vi + 264 pp."
Formica_parexsecta,11.608,12.7,Formicinae,Formicini,Formica,Switzerland,"Heer, O. 1849. Die Insektenfauna der Tertiärgebilde von Oeningen und von Radoboj in Croatien. Zweiter Theil: Heuschrecken, Florfliegen, Aderflüger, Schmetterlinge und Fliegen. Leipzig: W. Engelmann, vi + 264 pp."
Formica_primordialis,11.608,12.7,Formicinae,Formicini,Formica,Switzerland,"Heer, O. 1849. Die Insektenfauna der Tertiärgebilde von Oeningen und von Radoboj in Croatien. Zweiter Theil: Heuschrecken, Florfliegen, Aderflüger, Schmetterlinge und Fliegen. Leipzig: W. Engelmann, vi + 264 pp."
Formica_procera,11.608,12.7,Formicinae,Formicini,Formica,Switzerland,"Heer, O. 1849. Die Insektenfauna der Tertiärgebilde von Oeningen und von Radoboj in Croatien. Zweiter Theil: Heuschrecken, Florfliegen, Aderflüger, Schmetterlinge und Fliegen. Leipzig: W. Engelmann, vi + 264 pp."
Formica_pulchella,11.608,12.7,Formicinae,Formicini,Formica,Switzerland,"Heer, O. 1849. Die Insektenfauna der Tertiärgebilde von Oeningen und von Radoboj in Croatien. Zweiter Theil: Heuschrecken, Florfliegen, Aderflüger, Schmetterlinge und Fliegen. Leipzig: W. Engelmann, vi + 264 pp."
Formica_seuberti,11.608,12.7,Formicinae,Formicini,Formica,Switzerland,"Heer, O. 1849. Die Insektenfauna der Tertiärgebilde von Oeningen und von Radoboj in Croatien. Zweiter Theil: Heuschrecken, Florfliegen, Aderflüger, Schmetterlinge und Fliegen. Leipzig: W. Engelmann, vi + 264 pp."
Formica_ungeri,11.608,12.7,Formicinae,Formicini,Formica,Switzerland,"Heer, O. 1849. Die Insektenfauna der Tertiärgebilde von Oeningen und von Radoboj in Croatien. Zweiter Theil: Heuschrecken, Florfliegen, Aderflüger, Schmetterlinge und Fliegen. Leipzig: W. Engelmann, vi + 264 pp."
Imhoffia_nigra,11.608,12.7,Formicinae,,Imhoffia,Switzerland,"Heer, O. 1849. Die Insektenfauna der Tertiärgebilde von Oeningen und von Radoboj in Croatien. Zweiter Theil: Heuschrecken, Florfliegen, Aderflüger, Schmetterlinge und Fliegen. Leipzig: W. Engelmann, vi + 264 pp."
Formicium_brodiei,33.9,38,Formiciinae,,Formicium,Tennessee,"Carpenter, F. M. 1930. The fossil ants of North America. Bull. Mus. Comp. Zool. 70: 1-66"
Ponerites_coloradensis,46.2,50.3,Ponerinae,Ponerini,Ponerites,Tennessee,"Dlussky, G. M.; Rasnitsyn, A. P. 2003 [2002]. Ants (Hymenoptera: Formicidae) of Formation Green River and some other Middle Eocene deposits of North America. Russ. Entomol. J. 11(4): 411-436"
Ponerites_eocenicus,46.2,50.3,Ponerinae,Ponerini,Ponerites,Tennessee,"Dlussky, G. M.; Rasnitsyn, A. P. 2003 [2002]. Ants (Hymenoptera: Formicidae) of Formation Green River and some other Middle Eocene deposits of North America. Russ. Entomol. J. 11(4): 411-436 (page 423, fig. 21, queen described)"
Ponerites_hypoponeroides,40.4,46.2,Ponerinae,Ponerini,Ponerites,Tennessee,"Dlussky, G. M.; Rasnitsyn, A. P. 2003 [2002]. Ants (Hymenoptera: Formicidae) of Formation Green River and some other Middle Eocene deposits of North America. Russ. Entomol. J. 11(4): 411-436 (page 423, fig. 21, queen described)"
Formicium_berryi,38,41.3,Formiciinae,,Formicium,Tennessee,F. M. Carpenter. 1929. A fossil ant from the lower Eocene (Wilcox) of Tennessee. Journal of the Washington Academy of Sciences 19:300-301
Mianeuretus_eocenicus,46.2,50.3,Aneuretinae,,Mianeuretus,Tennessee,G. M. Dlussky and A. P. Rasnitsyn. 2002. Ants (Hymenoptera: Formicidae) of Formation Green River and some other middle Eocene deposits of North America. Russian Entomological Journal 11:411-436
Proiridomyrmex_vetulus,46.2,50.3,Dolichoderinae,,Proiridomyrmex,Tennessee,G. M. Dlussky and A. P. Rasnitsyn. 2002. Ants (Hymenoptera: Formicidae) of Formation Green River and some other middle Eocene deposits of North America. Russian Entomological Journal 11:411-436
Formica_eoptera,33.9,37.2,Formicinae,Formicini,Formica,Texas,"Cockerell, T. D. A. 1923b. Fossil insects from the Eocene of Texas. Am. J. Sci. 5: 397-410"
Formicium_mirabile,41.3,47.8,Formiciinae,,Formicium,UK,"Cockerell, T. D. A. 1920. Fossil arthropods in the British Museum. - I. Ann. Mag. Nat. Hist. 9(5): 273-279"
Dolichoderus_luridivenosus,15.97,20.44,Dolichoderinae,,Dolichoderus,UK,"Dlussky, G.M. & Perfilieva, K.S. 2014. Superfamily Formicoidea Latreille, 1802. In: Antropov, A. V., Belokobylskij, S. A., Compton, S. G., Dlussky, G. M., Khalaim, A. I., Kolyada, V. A., Kozlov, M. A., Perfilieva, K. S. & Rasnitsyn, A. P. 2014. The wasps, bees and ants (Insecta: Vespida=Hymenoptera) from the Insect Limestone (Late Eocene) of the Isle of Wight, UK. Earth and Environmental Science Transactions of the Royal Society of Edinburgh 104(3-4):335-446."
Dolichoderus_transversipetiolaris,15.97,20.44,Dolichoderinae,,Dolichoderus,UK,"Dlussky, G.M. & Perfilieva, K.S. 2014. Superfamily Formicoidea Latreille, 1802. In: Antropov, A. V., Belokobylskij, S. A., Compton, S. G., Dlussky, G. M., Khalaim, A. I., Kolyada, V. A., Kozlov, M. A., Perfilieva, K. S. & Rasnitsyn, A. P. 2014. The wasps, bees and ants (Insecta: Vespida=Hymenoptera) from the Insect Limestone (Late Eocene) of the Isle of Wight, UK. Earth and Environmental Science Transactions of the Royal Society of Edinburgh 104(3-4):335-446."
Paraphaenogaster_hooleyana,33.9,38,Myrmicinae,Stenammini,Paraphaenogaster,UK,"Dlussky, G.M. & Perfilieva, K.S. 2014. Superfamily Formicoidea Latreille, 1802. In: Antropov, A. V., Belokobylskij, S. A., Compton, S. G., Dlussky, G. M., Khalaim, A. I., Kolyada, V. A., Kozlov, M. A., Perfilieva, K. S. & Rasnitsyn, A. P. 2014. The wasps, bees and ants (Insecta: Vespida=Hymenoptera) from the Insect Limestone (Late Eocene) of the Isle of Wight, UK. Earth and Environmental Science Transactions of the Royal Society of Edinburgh 104(3-4):335-446."
Ponerites_crawleyi,33.9,38,Ponerinae,Ponerini,Ponerites,UK,"Dlussky, G.M. & Perfilieva, K.S. 2014. Superfamily Formicoidea Latreille, 1802. In: Antropov, A. V., Belokobylskij, S. A., Compton, S. G., Dlussky, G. M., Khalaim, A. I., Kolyada, V. A., Kozlov, M. A., Perfilieva, K. S. & Rasnitsyn, A. P. 2014. The wasps, bees and ants (Insecta: Vespida=Hymenoptera) from the Insect Limestone (Late Eocene) of the Isle of Wight, UK. Earth and Environmental Science Transactions of the Royal Society of Edinburgh 104(3-4):335-446."
Taphopone_aberrans,33.9,38,Ponerinae,,Taphopone,UK,"Dlussky, G.M. & Perfilieva, K.S. 2014. Superfamily Formicoidea Latreille, 1802. In: Antropov, A. V., Belokobylskij, S. A., Compton, S. G., Dlussky, G. M., Khalaim, A. I., Kolyada, V. A., Kozlov, M. A., Perfilieva, K. S. & Rasnitsyn, A. P. 2014. The wasps, bees and ants (Insecta: Vespida=Hymenoptera) from the Insect Limestone (Late Eocene) of the Isle of Wight, UK. Earth and Environmental Science Transactions of the Royal Society of Edinburgh 104(3-4):335-446."
Taphopone_microptera,33.9,38,Ponerinae,,Taphopone,UK,"Dlussky, G.M. & Perfilieva, K.S. 2014. Superfamily Formicoidea Latreille, 1802. In: Antropov, A. V., Belokobylskij, S. A., Compton, S. G., Dlussky, G. M., Khalaim, A. I., Kolyada, V. A., Kozlov, M. A., Perfilieva, K. S. & Rasnitsyn, A. P. 2014. The wasps, bees and ants (Insecta: Vespida=Hymenoptera) from the Insect Limestone (Late Eocene) of the Isle of Wight, UK. Earth and Environmental Science Transactions of the Royal Society of Edinburgh 104(3-4):335-446."
Taphopone_petrosa,33.9,38,Ponerinae,,Taphopone,UK,"Dlussky, G.M. & Perfilieva, K.S. 2014. Superfamily Formicoidea Latreille, 1802. In: Antropov, A. V., Belokobylskij, S. A., Compton, S. G., Dlussky, G. M., Khalaim, A. I., Kolyada, V. A., Kozlov, M. A., Perfilieva, K. S. & Rasnitsyn, A. P. 2014. The wasps, bees and ants (Insecta: Vespida=Hymenoptera) from the Insect Limestone (Late Eocene) of the Isle of Wight, UK. Earth and Environmental Science Transactions of the Royal Society of Edinburgh 104(3-4):335-446."
Leucotaphus_gurnetensis,33.9,38,Formicinae,,Leucotaphus,UK,T. D. A. Cockerell. 1915. British fossil insects. Proceedings of the United States National Museum 49:469-499
Leucotaphus_donisthorpei,33.9,38,Formicinae,,Leucotaphus,UK,T. D. A. Cockerell. 1915. British fossil insects. Proceedings of the United States National Museum 49:469-499
Boltonidris_mirabilis,33.9,38,Myrmicinae,,Boltonidris,Ukraine,"A. Radchenko and G. M. Dlussky. 2012. Boltonidris gen. nov., the first extinct Stenammini ant genus (Hymenoptera, Formicidae) from the late Eocene Rovno amber. Annales Zoologici 62:627-631"
Bilobomyrma_baltica,33.9,38,Myrmicinae,,Bilobomyrma,Ukraine,"A. Radchenko and G. M. Dlussky. 2013. Bilobomyrma new genus, a new extinct ant genus (Hymenoptera, Formicidae) from the late Eocene European ambers. Journal of Paleontology 87:1060-1066"
Bilobomyrma_ukrainica,33.9,38,Myrmicinae,,Bilobomyrma,Ukraine,"A. Radchenko and G. M. Dlussky. 2013. Bilobomyrma new genus, a new extinct ant genus (Hymenoptera, Formicidae) from the late Eocene European ambers. Journal of Paleontology 87:1060-1066"
Stigmatomma_electrina,33.9,38,,,,Ukraine,"G. M. Dlussky. 2009. The Ant Subfamilies Ponerinae, Cerapachyinae, and Pseudomyrmecinae (Hymenoptera, Formicidae) in the Late Eocene Ambers of Europe. Paleontological Journal 43:1043-1086"
Stigmatomma_groehni,33.9,38,Amblyoponinae,,Stigmatomma,Ukraine,"G. M. Dlussky. 2009. The Ant Subfamilies Ponerinae, Cerapachyinae, and Pseudomyrmecinae (Hymenoptera, Formicidae) in the Late Eocene Ambers of Europe. Paleontological Journal 43:1043-1086"
Titanomyrma_lubei,46.2,50.3,Formiciinae,,Titanomyrma,US,"Archibald, S. Bruce; Johnson, Kirk R.; Mathewes, Rolf W.; Greenwood, David R. ""Intercontinental dispersal of giant thermophilic ants across the Arctic during early Eocene hyperthermals"". Proceedings of the Royal Society B. doi:10.1098/rspb.2011.0729"
Protazteca_hendersoni,33.9,37.2,Dolichoderinae,,Protazteca,US,"Carpenter, F. M. 1930. The fossil ants of North America. Bull. Mus. Comp. Zool. 70: 1-66"
Dolichoderus_kohlsi,46.2,50.3,Dolichoderinae,,Dolichoderus,US,"Dlussky, G. M.; Rasnitsyn, A. P. 2003 [2002]. Ants (Hymenoptera: Formicidae) of Formation Green River and some other Middle Eocene deposits of North America. Russ. Entomol. J. 11(4): 411-436"
Klondikia_whiteae,47.8,56,,,Klondikia,US,"Dlussky, G. M.; Rasnitsyn, A. P. 2003 [2002]. Ants (Hymenoptera: Formicidae) of Formation Green River and some other Middle Eocene deposits of North America. Russ. Entomol. J. 11(4): 411-436"
Kohlsimyrma_gracilis,46.2,50.3,,,Kohlsimyrma,US,"Dlussky, G. M.; Rasnitsyn, A. P. 2003 [2002]. Ants (Hymenoptera: Formicidae) of Formation Green River and some other Middle Eocene deposits of North America. Russ. Entomol. J. 11(4): 411-436"
Kohlsimyrma_laticeps,46.2,50.3,,,Kohlsimyrma,US,"Dlussky, G. M.; Rasnitsyn, A. P. 2003 [2002]. Ants (Hymenoptera: Formicidae) of Formation Green River and some other Middle Eocene deposits of North America. Russ. Entomol. J. 11(4): 411-436"
Kohlsimyrma_longiceps,46.2,50.3,,,Kohlsimyrma,US,"Dlussky, G. M.; Rasnitsyn, A. P. 2003 [2002]. Ants (Hymenoptera: Formicidae) of Formation Green River and some other Middle Eocene deposits of North America. Russ. Entomol. J. 11(4): 411-436"
Myrmecites_rotundiceps,46.2,50.3,Myrmicinae,,Myrmecites,US,"Dlussky, G. M.; Rasnitsyn, A. P. 2003 [2002]. Ants (Hymenoptera: Formicidae) of Formation Green River and some other Middle Eocene deposits of North America. Russ. Entomol. J. 11(4): 411-436"
Solenopsites_minutus,46.2,50.3,Myrmicinae,,Solenopsites,US,"Dlussky, G.M. & Perfilieva, K.S. 2014. Superfamily Formicoidea Latreille, 1802. In: Antropov, A. V., Belokobylskij, S. A., Compton, S. G., Dlussky, G. M., Khalaim, A. I., Kolyada, V. A., Kozlov, M. A., Perfilieva, K. S. & Rasnitsyn, A. P. 2014. The wasps, bees and ants (Insecta: Vespida=Hymenoptera) from the Insect Limestone (Late Eocene) of the Isle of Wight, UK. Earth and Environmental Science Transactions of the Royal Society of Edinburgh 104(3-4):335-446."
Pseudocamponotus_elkoanus,28.4,37.2,Formicinae,Camponotini,Pseudocamponotus,US,"F. M. Carpenter. 1930. The Fossil Ants of North America. Bulletin of the Museum of Comparative Zoology, Harvard University 70:1-66"
Propalosoma_gutierrezae,47.8,56,,,,US,G. M. Dlussky and A. P. Rasnitsyn. 1999. Two new species of aculeate hymenopterans (Vespida=Hymenoptera) from the Middle Eocene of the United States. Paleontological Journal 33:546-549
Camponotus_vetus,46.2,50.3,Formicinae,Camponotini,Camponotus,Utah,S. H. Scudder. 1877. The First Discovered Traces of Fossil Insects in the American Tertiaries. Bulletin of the United States Geological and Geographical Survey of the Territories 3:741-762
Camponotites_kraussei,47.8,56,,,,Washington,G. M. Dlussky and A. P. Rasnitsyn. 1999. Two new species of aculeate hymenopterans (Vespida=Hymenoptera) from the Middle Eocene of the United States. Paleontological Journal 33:546-549
Emplastus_antiquus,11.608,12.7,Dolichoderinae,,Emplastus,Yugoslavia,"Dlussky, G.M. & Putyatina, T.S. 2014. Early Miocene ants (Hymenoptera, Formicidae) from Radoboj, Croatia. Neues Jahrbuch für Geologie und Paläontologie Abhandlungen 272, 237-285."
Emplastus_ocellus,11.608,12.7,Dolichoderinae,,Emplastus,Yugoslavia,"Dlussky, G.M. & Putyatina, T.S. 2014. Early Miocene ants (Hymenoptera, Formicidae) from Radoboj, Croatia. Neues Jahrbuch für Geologie und Paläontologie Abhandlungen 272, 237-285."
Aphaenogaster_archaica,23.03,28.4,Myrmicinae,Stenammini,Aphaenogaster,,F. Meunier. 1915. Über einige fossile Insekten aus den Braunkohlenschichten (Aquitanien) von Rott (Siebengebirge). Zeitschrift der Deutschen Geologischen Gesellschaft 67:205-217
Discothyrea_maya,15.97,23.03,Proceratiinae,Proceratiini,Discothyrea,,"M. L. de Andrade. 1998. First fossil records of the ant genus Discothyrea in Dominican and Mexican amber (Hymenoptera, Formicidae). Fragmenta Entomologica 30:201-214"
